;Volume;ano;cvm;empresa_descr
0;1.993.059;2010;1023;BCO BRASIL S.A
0;25.732;2010;10456;ALPARGATAS
0;23.709;2010;10472;SARAIVA LIVR
0;307;2010;10880;SONDOTECNICA
0;19.579.401;2010;10960;SPRINGER
0;19.579.401;2010;11070;WLM PART. E
0;771;2010;1120;BANESE
0;53.478;2010;11223;TEKA
0;19.579.401;2010;11231;TEKNO
0;19.579.401;2010;11312;OI S.A
0;19.579.401;2010;11398;CRISTAL PIGMENTOS DO BRASIL S.A
0;9.204;2010;1155;BANESTES S.A. - BCO EST ESPIRITO SANTO
0;19.579.401;2010;11592;UNIPAR
0;367;2010;11762;VULCABRAS
0;101.56;2010;11932;IOCHPE MAXION S.A
0;277;2010;11975;AZEVEDO
0;654;2010;11991;WETZEL S.A
0;292.629;2010;1210;BCO ESTADO DO RIO GRANDE DO SUL S.A
0;3.4160000000000004;2010;12190;BOMBRIL S.A
0;19.579.401;2010;12530;ITAUTEC
0;19.579.401;2010;12572;RECRUSUL
0;19.579.401;2010;12653;KLABIN S.A
0;7.042000000000001;2010;12696;SANSUY S.A. INDUSTRIA DE PLASTICOS
0;14;2010;12823;ALIPERTI
0;19.579.401;2010;1325;BCO MERCANTIL DO BRASIL S.A
0;19.579.401;2010;13285;JOSAPAR
0;125.28;2010;13471;PLASCAR PARTICIPACOES INDUSTRIAIS S.A
0;49.083999999999996;2010;13765;MINUPAR
0;8.888;2010;13773;PBG
0;2.276;2010;13781;SAO CARLOS
0;1.893;2010;1384;BCO ALFA DE INVESTIMENTO S.A
0;19.579.401;2010;13986;SUZANO S.A
0;231.18900000000002;2010;14109;RANDON S.A. IMPLEMENTOS E PARTICIPACOES
0;64.577;2010;14133;TEC TOY S.A
0;95;2010;14206;BRB BCO DE BRASILIA S.A
0;488.481;2010;14311;COPEL
0;2.111.043;2010;14320;USIMINAS
0;2.485;2010;14346;WHIRLPOOL
0;19.579.401;2010;14443;SABESP
0;643;2010;14451;CIA ENERGETICA DE BRASILIA
0;1.515.258;2010;14460;CYRELA BRAZIL REALTY S.A.EMPREEND E PART
0;1.554;2010;14664;SCHULZ
0;214.399;2010;14761;CIA HERING
0;19.579.401;2010;14826;CIA BRASILEIRA DE DISTRIBUICAO
0;19.579.401;2010;15091;LITEL
0;735;2010;1520;BARDELLA
0;4.263999999999999;2010;15253;ENERGISA S.A
0;19.579.401;2010;15300;RUMO MALHA NORTE S.A
0;12;2010;15369;FERROVIA CENTRO-ATLANTICA S.A
0;28.271;2010;15458;BATTISTELLA
0;19.579.401;2010;15539;NEOENERGIA S.A
0;19.579.401;2010;1562;BAUMER
0;19.579.401;2010;16101;GAFISA S.A
0;910.262;2010;16292;BRF S.A
0;1.012.658;2010;16306;ROSSI RESID
0;19.579.401;2010;16438;SUL 116 PART
0;19.579.401;2010;16497;ENCORPAR
0;19.579.401;2010;16624;UPTICK
0;16.285999999999998;2010;16632;GPC PART
0;134.41299999999998;2010;16659;PORTO SEGURO S.A
0;19.579.401;2010;1694;BICICLETAS MONARK S.A
0;3.949;2010;16993;EMAE
0;19.579.401;2010;17329;ENGIE BRASIL
0;19.579.401;2010;17450;RUMO S.A
0;19.579.401;2010;17493;CAPITALPART
0;19.579.401;2010;17558;INNCORP S.A
0;19.579.401;2010;17639;TIM PARTICIPACOES S.A
0;19.579.401;2010;17671;TELEF
0;11.722000000000001;2010;17892;SANTOS BRASIL PARTICIPACOES S.A
0;19.579.401;2010;17914;MMX MINER
0;19.579.401;2010;17922;BRAZILIAN FINANCE E REAL ESTATE S.A
0;19.579.401;2010;17930;RUMO MALHA PAULISTA S.A
0;38.09;2010;17973;KROTON EDUCACIONAL S.A
0;180.99599999999998;2010;18376;CTEEP - CIA TRANSMISS
0;19.579.401;2010;18414;IDEIASNET
0;19.579.401;2010;18465;ULTRAPAR
0;355.218;2010;18660;CPFL ENERGIA S.A
0;314;2010;18708;CIA PARTICIPACOES ALIANCA DA BAHIA
0;656.677;2010;18724;BRADESPAR
0;19.579.401;2010;18775;INVEPAR
0;19.579.401;2010;18821;CCR S.A
0;19.579.401;2010;18953;CPFL GERACAO
0;19.579.401;2010;18970;AES TIETE E
0;19.579.401;2010;19062;ANDRADE GUTIERREZ PARTICIPACOES S.A
0;19.579.401;2010;19100;LIQ PARTICIPA
0;461;2010;19305;BIOMM
0;15.505;2010;19330;TPI - TRIUNFO PARTICIP. E INVEST. S.A
0;19.579.401;2010;19348;ITAU UNIBANCO HOLDING S.A
0;19.579.401;2010;19437;ANDRADE GUTIERREZ CONCESSOES S.A
0;19.579.401;2010;19445;COPASA
0;291.987;2010;19453;ECORODOVIAS INFRAESTRUTURA E LOGSTICA S.A
0;19.579.401;2010;19550;NATURA
0;19.579.401;2010;19569;GOL LINHAS AEREAS INTELIGENTES S.A
0;25.476999999999997;2010;19615;GRENDENE
0;322.532;2010;19623;DASA
0;19.579.401;2010;19658;POMIFRUTAS
0;309.183;2010;19739;LOCALIZA
0;251.575;2010;19763;EDP - ENERGIAS DO BRASIL S.A
0;19.579.401;2010;19860;RB CAPITAL SECURITIZADORA S.A
0;463.50199999999995;2010;19879;LIGHT S.A
0;19.579.401;2010;19909;BR MALLS PARTICIPACOES S.A
0;53.071999999999996;2010;19925;BR PROPERTIES S.A
0;19.579.401;2010;19992;TOTVS
0;61.667;2010;20010;EQUATORIAL
0;30.982;2010;20028;VALID SOLUCOES S.A
0;19.579.401;2010;20060;LUPATECH
0;540.194;2010;20087;EMBRAER
0;122.818;2010;20125;ODONTOPREV
0;19.579.401;2010;20257;TRANSMISSORA ALIAN
0;19.579.401;2010;20320;CEMIG GERACAO E TRANSMISSAO S.A
0;12.644;2010;20338;M.DIAS BRANCO S.A. IND COM DE ALIMENTOS
0;7.907;2010;20346;PROFARMA
0;19.579.401;2010;20354;TERRA SANTA AGRO S.A
0;19.579.401;2010;20362;POSITIVO TEC
0;25.888;2010;20370;LPS BRASIL - CONSULTORIA DE IMOVEIS S.A
0;33.391;2010;20435;TECNISA
0;11.605;2010;20451;RNI NEG
0;1.773.811;2010;20478;PDG REALT
0;66.256;2010;20494;IGUATEMI
0;229.141;2010;20524;EVEN CONSTRUTORA E INCORPORADORA S.A
0;19.579.401;2010;20532;BCO SANTANDER (BRASIL) S.A
0;19.579.401;2010;20540;CPFL ENERGIAS RENOV
0;9.704;2010;20567;PINE
0;1.166.952;2010;20575;JBS
0;94.76700000000001;2010;20605;JHSF PART
0;6.1370000000000005;2010;20613;METALFRIO
0;54.333;2010;20621;FERTILIZANTES HERINGER S.A
0;11.2;2010;20630;CR2
0;19.579.401;2010;20702;VIVER
0;22.250999999999998;2010;20710;LOG-IN
0;82.22200000000001;2010;20745;SLC AGRICOLA
0;70.944;2010;20770;EZ TEC EMPREEND. E PARTICIPACOES S.A
0;656.578;2010;20788;MARFRIG
0;34.368;2010;20800;TEGMA
0;19.579.401;2010;20877;HELBOR
0;5.3020000000000005;2010;20885;INDUSVAL
0;1.275.972;2010;20915;MRV
0;19.579.401;2010;20931;MINERVA
0;80.74600000000001;2010;20958;ABC BRASIL
0;24.46;2010;20966;SPRINGS
0;176.183;2010;20982;MULTIPLAN
0;490.38800000000003;2010;20990;B2W - COMPANHIA DIGITAL
0;17.115;2010;21008;GENERAL SHOPPING E OUTLETS DO BRASIL S.A
0;7.4;2010;2100;CAMBUCI
0;39.611;2010;21016;ESTACIO PART
0;19.579.401;2010;21032;ALGAR TELECOM S
0;2.69;2010;21040;CYRELA COMMERCIAL PROPERT S.A. EMPR PART
0;19.579.401;2010;21091;DURATEX S.A
0;116.366;2010;21121;SUL AMERICA S.A
0;7.9639999999999995;2010;21130;TRISUL
0;24.543000000000003;2010;21148;TENDA
0;19.579.401;2010;21156;J. MACEDO S.A
0;175.725;2010;21180;BRASIL BROKERS PARTICIPACOES S.A
0;19.579.401;2010;21199;BCO PAN S.A
0;19.579.401;2010;21237;ENEVA S.A
0;41.619;2010;21300;ALIANSCE
0;16.71;2010;21342;OSX BRASIL
0;4.515;2010;21350;DIRECIONAL
0;19.579.401;2010;21393;CELGPAR
0;19.579.401;2010;21431;HYPERA
0;10.095;2010;21440;RESTOQUE COM
0;19.579.401;2010;21555;UNIDAS S.A
0;3.010.525;2010;21610;B3 S.A. - BRASIL
0;2.32;2010;21636;RENOVA ENERGIA S.A
0;2.002;2010;21717;TARPON INV
0;1.208.051;2010;21733;CIELO
0;40.49;2010;21881;FLEURY
0;19.579.401;2010;21903;ECORODOVIAS CONCES
0;15.509;2010;22020;JSL
0;44.79;2010;22055;MARISA LOJAS S.A
0;19.579.401;2010;22187;PETRO RIO S.A
0;19.579.401;2010;22217;ALPER CONSULTORIA E CORRETORA DE SEGUROS S.A
0;240;2010;2429;CELULOSE IRANI S.A
0;1.179.311;2010;2437;ELETROBRAS
0;902.685;2010;2453;CIA ENERGETICA DE MINAS GERAIS - CEMIG
0;17.963;2010;2461;CENTRAIS ELET DE SANTA CATARINA S.A
0;43.278999999999996;2010;3069;FERBASA
0;19.579.401;2010;3077;CEDRO
0;251;2010;3115;CIA SEGUROS ALIANCA DA BAHIA
0;10.498;2010;3158;COTEMINAS
0;19.579.401;2010;3190;REDE ENERGIA
0;2.198;2010;3298;HABITASUL
0;19.579.401;2010;3395;CIA INDUSTRIAL CATAGUASES
0;19.579.401;2010;3654;CIA MELHORAMENTOS DE SAO PAULO
0;2.233.066;2010;3980;GERDAU S.A
0;1.339.568;2010;4030;CIA SIDERURGICA NACIONAL
0;1.916;2010;4081;SANTANENSE
0;3.466;2010;4146;KARSTEN
0;19.579.401;2010;4170;VALE S.A
0;673;2010;4359;ELEKEIROZ S.A
0;19.579.401;2010;4537;GRAZZIOTIN
0;12.093;2010;4669;GUARARAPES CONFECCOES S.A
0;19.579.401;2010;4707;CONSORCIO ALFA DE ADMINISTRACAO S.A
0;19.579.401;2010;4723;CONSTRUTORA ADOLPHO LINDENBERG S.A
0;19.579.401;2010;4820;BRASKEM
0;19.579.401;2010;4863;CORREA RIBEIRO S.A. COMERCIO E INDUSTRIA
0;19.579.401;2010;5207;DOHLER
0;58.705;2010;5312;MUNDIAL S.A. - PRODUTOS DE CONSUMO
0;155.799;2010;5410;WEG S.A
0;32.55;2010;5762;ETERNIT
0;42.473;2010;5770;EUCATEX
0;15.058;2010;6173;TAURUS ARMAS S.A
0;12.319;2010;6211;FRAS-LE S.A
0;4.696000000000001;2010;6343;TUPY
0;19.579.401;2010;6505;VIA VAREJO S.A
0;38.478;2010;6700;HOTEIS OTHON
0;19.579.401;2010;6815;IGB ELETR
0;1.205;2010;701;BAHEMA S.A
0;13.219000000000001;2010;7510;INDUSTRIAS ROMI S.A
0;3.945;2010;7544;TEXTIL RENAUXVIEW S.A
0;123.734;2010;7595;INEPAR S.A. INDUSTRIA E CONSTRUCOES
0;1.774.613;2010;7617;ITAUSA
0;3.1189999999999998;2010;7811;JOAO FORTES
0;333.667;2010;7870;KEPLER WEBER
0;63.744;2010;80020;GP INVEST
0;11.329;2010;80047;WILSON SONS
0;1.037.433;2010;8087;LOJAS AMERIC
0;744.47;2010;8133;LOJAS RENNER
0;19.579.401;2010;8192;TREVISA
0;6.138;2010;8397;MANGELS INDUSTRIAL S.A
0;47.657;2010;8427;ESTRELA
0;201.294;2010;8451;MARCOPOLO S.A
0;2.346;2010;8575;METAL LEVE
0;654.757;2010;8656;METALURGICA GERDAU S.A
0;19.579.401;2010;8672;JEREISSATI PARTICIPACOES S.A
0;19.579.401;2010;8753;METISA
0;19.579.401;2010;8893;MONTEIRO ARANHA S.A
0;19.579.401;2010;9040;NADIR FIGUEI
0;19.579.401;2010;9067;SUZANO HOLD
0;2.010.948;2010;906;BCO BRADESCO S.A
0;19.579.401;2010;9342;DIMED
0;277.29;2010;9393;PARANAPANEMA S.A
0;350;2010;94;PANATLANTICA
0;19.579.401;2010;9512;PETROLEO BRASILEIRO S.A. PETROBRAS
0;19.579.401;2010;9954;ALFA HOLDING
0;19.579.401;2010;9989;REFINARIA DE PETROLEOS MANGUINHOS S.A
0;2.918.916;2011;1023;BCO BRASIL S.A
0;93.46600000000001;2011;10456;ALPARGATAS
0;40.091;2011;10472;SARAIVA LIVR
0;311;2011;10880;SONDOTECNICA
0;28.471999999999998;2011;10960;SPRINGER
0;22.303.864;2011;11070;WLM PART. E
0;17.313;2011;11223;TEKA
0;22.303.864;2011;11231;TEKNO
0;22.303.864;2011;11312;OI S.A
0;22.303.864;2011;11398;CRISTAL PIGMENTOS DO BRASIL S.A
0;16.207;2011;1155;BANESTES S.A. - BCO EST ESPIRITO SANTO
0;61.141999999999996;2011;11592;UNIPAR
0;944;2011;11762;VULCABRAS
0;22.303.864;2011;11932;IOCHPE MAXION S.A
0;22.303.864;2011;11975;AZEVEDO
0;1.794;2011;11991;WETZEL S.A
0;22.303.864;2011;1210;BCO ESTADO DO RIO GRANDE DO SUL S.A
0;1.1520000000000001;2011;12190;BOMBRIL S.A
0;211;2011;12530;ITAUTEC
0;22.303.864;2011;12572;RECRUSUL
0;22.303.864;2011;12653;KLABIN S.A
0;22.176;2011;12696;SANSUY S.A. INDUSTRIA DE PLASTICOS
0;9;2011;12823;ALIPERTI
0;2.8939999999999997;2011;1325;BCO MERCANTIL DO BRASIL S.A
0;22.303.864;2011;13285;JOSAPAR
0;33.093;2011;13471;PLASCAR PARTICIPACOES INDUSTRIAIS S.A
0;19.439;2011;13765;MINUPAR
0;3.736;2011;13773;PBG
0;22.303.864;2011;13781;SAO CARLOS
0;1.181;2011;1384;BCO ALFA DE INVESTIMENTO S.A
0;22.303.864;2011;13986;SUZANO S.A
0;382.87699999999995;2011;14109;RANDON S.A. IMPLEMENTOS E PARTICIPACOES
0;22.303.864;2011;14133;TEC TOY S.A
0;22.303.864;2011;14206;BRB BCO DE BRASILIA S.A
0;589.659;2011;14311;COPEL
0;2.837.369;2011;14320;USIMINAS
0;2.736;2011;14346;WHIRLPOOL
0;589;2011;14451;CIA ENERGETICA DE BRASILIA
0;2.077.916;2011;14460;CYRELA BRAZIL REALTY S.A.EMPREEND E PART
0;22.303.864;2011;14664;SCHULZ
0;768.293;2011;14761;CIA HERING
0;22.303.864;2011;14826;CIA BRASILEIRA DE DISTRIBUICAO
0;22.303.864;2011;15091;LITEL
0;1.2819999999999998;2011;1520;BARDELLA
0;3.617;2011;15253;ENERGISA S.A
0;22.303.864;2011;15300;RUMO MALHA NORTE S.A
0;2;2011;15369;FERROVIA CENTRO-ATLANTICA S.A
0;27.872;2011;15458;BATTISTELLA
0;22.303.864;2011;15539;NEOENERGIA S.A
0;22.303.864;2011;1562;BAUMER
0;2.193.025;2011;16101;GAFISA S.A
0;1.253.595;2011;16292;BRF S.A
0;22.303.864;2011;16306;ROSSI RESID
0;326;2011;16497;ENCORPAR
0;22.303.864;2011;16632;GPC PART
0;22.303.864;2011;16659;PORTO SEGURO S.A
0;22.303.864;2011;1694;BICICLETAS MONARK S.A
0;3.197;2011;16993;EMAE
0;22.303.864;2011;17329;ENGIE BRASIL
0;22.303.864;2011;17450;RUMO S.A
0;22.303.864;2011;17493;CAPITALPART
0;22.303.864;2011;17558;INNCORP S.A
0;22.303.864;2011;17639;TIM PARTICIPACOES S.A
0;22.303.864;2011;17671;TELEF
0;22.303.864;2011;17892;SANTOS BRASIL PARTICIPACOES S.A
0;22.303.864;2011;17914;MMX MINER
0;22.303.864;2011;17922;BRAZILIAN FINANCE E REAL ESTATE S.A
0;22.303.864;2011;17930;RUMO MALHA PAULISTA S.A
0;22.303.864;2011;17973;KROTON EDUCACIONAL S.A
0;200.93400000000003;2011;18376;CTEEP - CIA TRANSMISS
0;22.303.864;2011;18414;IDEIASNET
0;652.095;2011;18465;ULTRAPAR
0;22.303.864;2011;18660;CPFL ENERGIA S.A
0;307;2011;18708;CIA PARTICIPACOES ALIANCA DA BAHIA
0;828.235;2011;18724;BRADESPAR
0;22.303.864;2011;18775;INVEPAR
0;22.303.864;2011;18821;CCR S.A
0;22.303.864;2011;18953;CPFL GERACAO
0;22.303.864;2011;18970;AES TIETE E
0;22.303.864;2011;19062;ANDRADE GUTIERREZ PARTICIPACOES S.A
0;22.303.864;2011;19100;LIQ PARTICIPA
0;22.303.864;2011;19305;BIOMM
0;11.616;2011;19330;TPI - TRIUNFO PARTICIP. E INVEST. S.A
0;22.303.864;2011;19437;ANDRADE GUTIERREZ CONCESSOES S.A
0;291.02299999999997;2011;19445;COPASA
0;22.303.864;2011;19453;ECORODOVIAS INFRAESTRUTURA E LOGSTICA S.A
0;1.056.474;2011;19550;NATURA
0;22.303.864;2011;19569;GOL LINHAS AEREAS INTELIGENTES S.A
0;63.651;2011;19615;GRENDENE
0;22.303.864;2011;19623;DASA
0;22.303.864;2011;19658;POMIFRUTAS
0;736.1410000000001;2011;19739;LOCALIZA
0;460.75300000000004;2011;19763;EDP - ENERGIAS DO BRASIL S.A
0;641.931;2011;19879;LIGHT S.A
0;22.303.864;2011;19909;BR MALLS PARTICIPACOES S.A
0;291.755;2011;19925;BR PROPERTIES S.A
0;192.945;2011;19992;TOTVS
0;72.031;2011;20010;EQUATORIAL
0;56.835;2011;20028;VALID SOLUCOES S.A
0;145.806;2011;20060;LUPATECH
0;676.59;2011;20087;EMBRAER
0;264.105;2011;20125;ODONTOPREV
0;22.303.864;2011;20257;TRANSMISSORA ALIAN
0;22.303.864;2011;20320;CEMIG GERACAO E TRANSMISSAO S.A
0;55.659;2011;20338;M.DIAS BRANCO S.A. IND COM DE ALIMENTOS
0;6.1160000000000005;2011;20346;PROFARMA
0;22.303.864;2011;20354;TERRA SANTA AGRO S.A
0;22.303.864;2011;20362;POSITIVO TEC
0;22.303.864;2011;20370;LPS BRASIL - CONSULTORIA DE IMOVEIS S.A
0;263.513;2011;20435;TECNISA
0;13.945;2011;20451;RNI NEG
0;3.743.566;2011;20478;PDG REALT
0;162.487;2011;20494;IGUATEMI
0;538.3380000000001;2011;20524;EVEN CONSTRUTORA E INCORPORADORA S.A
0;1.254.302;2011;20532;BCO SANTANDER (BRASIL) S.A
0;22.303.864;2011;20540;CPFL ENERGIAS RENOV
0;22.303.864;2011;20567;PINE
0;22.303.864;2011;20575;JBS
0;107.274;2011;20605;JHSF PART
0;8.341000000000001;2011;20613;METALFRIO
0;21.996;2011;20621;FERTILIZANTES HERINGER S.A
0;22.303.864;2011;20630;CR2
0;22.303.864;2011;20702;VIVER
0;39.115;2011;20710;LOG-IN
0;91.431;2011;20745;SLC AGRICOLA
0;22.303.864;2011;20770;EZ TEC EMPREEND. E PARTICIPACOES S.A
0;926.11;2011;20788;MARFRIG
0;67.71;2011;20800;TEGMA
0;47.341;2011;20877;HELBOR
0;22.303.864;2011;20885;INDUSVAL
0;2.052.708;2011;20915;MRV
0;77.298;2011;20931;MINERVA
0;102.73299999999999;2011;20958;ABC BRASIL
0;5.153;2011;20966;SPRINGS
0;257.253;2011;20982;MULTIPLAN
0;538.58;2011;20990;B2W - COMPANHIA DIGITAL
0;37.966;2011;21008;GENERAL SHOPPING E OUTLETS DO BRASIL S.A
0;22.303.864;2011;2100;CAMBUCI
0;98.279;2011;21016;ESTACIO PART
0;22.303.864;2011;21032;ALGAR TELECOM S
0;3.133;2011;21040;CYRELA COMMERCIAL PROPERT S.A. EMPR PART
0;740.313;2011;21091;DURATEX S.A
0;22.303.864;2011;21121;SUL AMERICA S.A
0;35.06;2011;21130;TRISUL
0;22.303.864;2011;21156;J. MACEDO S.A
0;22.303.864;2011;21180;BRASIL BROKERS PARTICIPACOES S.A
0;22.303.864;2011;21199;BCO PAN S.A
0;22.303.864;2011;21237;ENEVA S.A
0;77.395;2011;21300;ALIANSCE
0;63.943999999999996;2011;21342;OSX BRASIL
0;39.338;2011;21350;DIRECIONAL
0;22.303.864;2011;21393;CELGPAR
0;1.883.395;2011;21431;HYPERA
0;22.303.864;2011;21555;UNIDAS S.A
0;3.643.112;2011;21610;B3 S.A. - BRASIL
0;22.303.864;2011;21636;RENOVA ENERGIA S.A
0;2.2769999999999997;2011;21717;TARPON INV
0;22.303.864;2011;21725;ADVANCED DIGITAL HEALTH MEDICINA PREVENTIVA S.A
0;1.304.542;2011;21733;CIELO
0;89.023;2011;21881;FLEURY
0;22.303.864;2011;21903;ECORODOVIAS CONCES
0;40.96;2011;22020;JSL
0;131.914;2011;22055;MARISA LOJAS S.A
0;22.303.864;2011;22187;PETRO RIO S.A
0;22.303.864;2011;22217;ALPER CONSULTORIA E CORRETORA DE SEGUROS S.A
0;78.555;2011;22349;AREZZO IND
0;38.191;2011;22357;SONAE SIERRA BRASIL S.A
0;22.303.864;2011;22365;ENAUTA PART
0;15.654000000000002;2011;22454;T4F ENTRETENIMENTO S.A
0;289.905;2011;22470;MAGAZINE LUIZA S.A
0;18.308;2011;22497;QUALICORP
0;22.303.864;2011;22500;BRASIL PHARMA S.A
0;17.673;2011;22519;TECHNOS S.A
0;22.303.864;2011;22551;SOMOS EDUCA
0;22.303.864;2011;22594;STATKRAFT
0;22.303.864;2011;22616;BCO BTG PACTUAL S.A
0;290;2011;2429;CELULOSE IRANI S.A
0;22.303.864;2011;2437;ELETROBRAS
0;22.303.864;2011;2453;CIA ENERGETICA DE MINAS GERAIS - CEMIG
0;11.982000000000001;2011;2461;CENTRAIS ELET DE SANTA CATARINA S.A
0;56.176;2011;3069;FERBASA
0;22.303.864;2011;3077;CEDRO
0;251;2011;3115;CIA SEGUROS ALIANCA DA BAHIA
0;4.048;2011;3158;COTEMINAS
0;925;2011;3190;REDE ENERGIA
0;6.382999999999999;2011;3298;HABITASUL
0;22.303.864;2011;3395;CIA INDUSTRIAL CATAGUASES
0;22.303.864;2011;3654;CIA MELHORAMENTOS DE SAO PAULO
0;3.129.759;2011;3980;GERDAU S.A
0;1.532.996;2011;4030;CIA SIDERURGICA NACIONAL
0;1.8519999999999999;2011;4081;SANTANENSE
0;3.147;2011;4146;KARSTEN
0;22.303.864;2011;4170;VALE S.A
0;1.3259999999999998;2011;4537;GRAZZIOTIN
0;11.58;2011;4669;GUARARAPES CONFECCOES S.A
0;22.303.864;2011;4707;CONSORCIO ALFA DE ADMINISTRACAO S.A
0;22.303.864;2011;4723;CONSTRUTORA ADOLPHO LINDENBERG S.A
0;945.0369999999999;2011;4820;BRASKEM
0;134;2011;4863;CORREA RIBEIRO S.A. COMERCIO E INDUSTRIA
0;22.303.864;2011;5207;DOHLER
0;22.303.864;2011;5258;RAIA DROGASIL S.A
0;1.293.578;2011;5312;MUNDIAL S.A. - PRODUTOS DE CONSUMO
0;22.303.864;2011;5410;WEG S.A
0;41.571999999999996;2011;5762;ETERNIT
0;20.704;2011;5770;EUCATEX
0;24.464000000000002;2011;6173;TAURUS ARMAS S.A
0;7.808;2011;6211;FRAS-LE S.A
0;2.064;2011;6343;TUPY
0;22.303.864;2011;6505;VIA VAREJO S.A
0;6.88;2011;6700;HOTEIS OTHON
0;82.434;2011;6815;IGB ELETR
0;1.216;2011;701;BAHEMA S.A
0;18.018;2011;7510;INDUSTRIAS ROMI S.A
0;4.018;2011;7544;TEXTIL RENAUXVIEW S.A
0;22.303.864;2011;7595;INEPAR S.A. INDUSTRIA E CONSTRUCOES
0;2.657.827;2011;7617;ITAUSA
0;2.248;2011;7811;JOAO FORTES
0;51.236000000000004;2011;7870;KEPLER WEBER
0;50.575;2011;80020;GP INVEST
0;7.611000000000001;2011;80047;WILSON SONS
0;22.303.864;2011;8087;LOJAS AMERIC
0;997.297;2011;8133;LOJAS RENNER
0;22.303.864;2011;8192;TREVISA
0;2.603;2011;8397;MANGELS INDUSTRIAL S.A
0;11.850999999999999;2011;8427;ESTRELA
0;405.245;2011;8451;MARCOPOLO S.A
0;8.97;2011;8575;METAL LEVE
0;1.088.033;2011;8656;METALURGICA GERDAU S.A
0;22.303.864;2011;8672;JEREISSATI PARTICIPACOES S.A
0;22.303.864;2011;8753;METISA
0;22.303.864;2011;8893;MONTEIRO ARANHA S.A
0;22.303.864;2011;9040;NADIR FIGUEI
0;22.303.864;2011;9067;SUZANO HOLD
0;22.303.864;2011;906;BCO BRADESCO S.A
0;22.303.864;2011;9342;DIMED
0;165.798;2011;9393;PARANAPANEMA S.A
0;22.303.864;2011;94;PANATLANTICA
0;22.303.864;2011;9512;PETROLEO BRASILEIRO S.A. PETROBRAS
0;22.303.864;2011;9954;ALFA HOLDING
0;360.81699999999995;2011;9989;REFINARIA DE PETROLEOS MANGUINHOS S.A
0;3.779.106;2012;1023;BCO BRASIL S.A
0;177.153;2012;10456;ALPARGATAS
0;47.775;2012;10472;SARAIVA LIVR
0;122;2012;10880;SONDOTECNICA ENGENHARIA SOLOS S.A
0;7.255;2012;10960;SPRINGER
0;31.092.222;2012;11070;WLM PART. E
0;14.64;2012;11223;TEKA
0;218;2012;11231;TEKNO
0;2.466.374;2012;11312;OI S.A
0;31.092.222;2012;11398;CRISTAL PIGMENTOS DO BRASIL S.A
0;24.584;2012;1155;BANESTES S.A. - BCO EST ESPIRITO SANTO
0;26.413;2012;11592;UNIPAR
0;1.786;2012;11762;VULCABRAS
0;440.67800000000005;2012;11932;IOCHPE MAXION S.A
0;31.092.222;2012;11975;AZEVEDO
0;2.395;2012;11991;WETZEL S.A
0;531.289;2012;1210;BCO ESTADO DO RIO GRANDE DO SUL S.A
0;840;2012;12190;BOMBRIL S.A
0;233;2012;12530;ITAUTEC
0;12.844000000000001;2012;12572;RECRUSUL
0;1.330.006;2012;12653;KLABIN S.A
0;10.817;2012;12696;SANSUY S.A. INDUSTRIA DE PLASTICOS
0;11;2012;12823;ALIPERTI
0;1.849;2012;1325;BCO MERCANTIL DO BRASIL S.A
0;31.092.222;2012;13285;JOSAPAR
0;31.092.222;2012;13366;HAGA S.A. INDUSTRIA E COMERCIO
0;33.805;2012;13471;PLASCAR PARTICIPACOES INDUSTRIAIS S.A
0;31.092.222;2012;13765;MINUPAR
0;7.945;2012;13773;PBG
0;9.86;2012;13781;SAO CARLOS
0;1.176;2012;1384;BCO ALFA DE INVESTIMENTO S.A
0;1.630.020;2012;13986;SUZANO S.A
0;549.698;2012;14109;RANDON S.A. IMPLEMENTOS E PARTICIPACOES
0;21.998;2012;14133;TEC TOY S.A
0;31.092.222;2012;14206;BRB BCO DE BRASILIA S.A
0;657.279;2012;14311;COPEL
0;3.818.805;2012;14320;USIMINAS
0;2.903;2012;14346;WHIRLPOOL
0;787;2012;14451;CIA ENERGETICA DE BRASILIA
0;2.165.426;2012;14460;CYRELA BRAZIL REALTY S.A.EMPREEND E PART
0;31.092.222;2012;14664;SCHULZ
0;1.280.483;2012;14761;CIA HERING
0;31.092.222;2012;14826;CIA BRASILEIRA DE DISTRIBUICAO
0;31.092.222;2012;15091;LITEL
0;2.148;2012;1520;BARDELLA
0;891;2012;15253;ENERGISA S.A
0;31.092.222;2012;15300;RUMO MALHA NORTE S.A
0;31.092.222;2012;15369;FERROVIA CENTRO-ATLANTICA S.A
0;15.181;2012;15458;BATTISTELLA
0;31.092.222;2012;15539;NEOENERGIA S.A
0;31.092.222;2012;1562;BAUMER
0;2.287.109;2012;16101;GAFISA S.A
0;1.617.717;2012;16292;BRF S.A
0;31.092.222;2012;16306;ROSSI RESID
0;31.092.222;2012;16438;SUL 116 PART
0;31.092.222;2012;16497;ENCORPAR
0;49.135;2012;16632;GPC PART
0;31.092.222;2012;16659;PORTO SEGURO S.A
0;31.092.222;2012;1694;BICICLETAS MONARK S.A
0;1.147;2012;16993;EMAE
0;31.092.222;2012;17329;ENGIE BRASIL
0;31.092.222;2012;17450;RUMO S.A
0;31.092.222;2012;17493;CAPITALPART
0;31.092.222;2012;17558;INNCORP S.A
0;1.931.308;2012;17639;TIM PARTICIPACOES S.A
0;1.023.367;2012;17671;TELEF
0;174.583;2012;17892;SANTOS BRASIL PARTICIPACOES S.A
0;2.266.727;2012;17914;MMX MINER
0;2;2012;17922;BRAZILIAN FINANCE E REAL ESTATE S.A
0;31.092.222;2012;17930;RUMO MALHA PAULISTA S.A
0;250.058;2012;17973;KROTON EDUCACIONAL S.A
0;31.092.222;2012;18376;CTEEP - CIA TRANSMISS
0;40.925;2012;18414;IDEIASNET
0;837.5319999999999;2012;18465;ULTRAPAR
0;768.8380000000001;2012;18660;CPFL ENERGIA S.A
0;174;2012;18708;CIA PARTICIPACOES ALIANCA DA BAHIA
0;31.092.222;2012;18724;BRADESPAR
0;31.092.222;2012;18775;INVEPAR
0;2.463.431;2012;18821;CCR S.A
0;31.092.222;2012;18953;CPFL GERACAO
0;31.092.222;2012;18970;AES TIETE E
0;31.092.222;2012;19062;ANDRADE GUTIERREZ PARTICIPACOES S.A
0;31.092.222;2012;19100;LIQ PARTICIPA
0;426;2012;19305;BIOMM
0;25.826;2012;19330;TPI - TRIUNFO PARTICIP. E INVEST. S.A
0;31.092.222;2012;19348;ITAU UNIBANCO HOLDING S.A
0;31.092.222;2012;19437;ANDRADE GUTIERREZ CONCESSOES S.A
0;31.092.222;2012;19445;COPASA
0;31.092.222;2012;19453;ECORODOVIAS INFRAESTRUTURA E LOGSTICA S.A
0;1.239.574;2012;19550;NATURA
0;31.092.222;2012;19569;GOL LINHAS AEREAS INTELIGENTES S.A
0;138.329;2012;19615;GRENDENE
0;1.237.279;2012;19623;DASA
0;31.092.222;2012;19658;POMIFRUTAS
0;969.3430000000001;2012;19739;LOCALIZA
0;1.181.917;2012;19763;EDP - ENERGIAS DO BRASIL S.A
0;671.6610000000001;2012;19879;LIGHT S.A
0;1.884.634;2012;19909;BR MALLS PARTICIPACOES S.A
0;950.557;2012;19925;BR PROPERTIES S.A
0;31.092.222;2012;19992;TOTVS
0;158.764;2012;20010;EQUATORIAL
0;193.68599999999998;2012;20028;VALID SOLUCOES S.A
0;79.532;2012;20060;LUPATECH
0;31.092.222;2012;20087;EMBRAER
0;615.893;2012;20125;ODONTOPREV
0;31.092.222;2012;20184;CCX CARV
0;61.787;2012;20257;TRANSMISSORA ALIAN
0;31.092.222;2012;20320;CEMIG GERACAO E TRANSMISSAO S.A
0;31.092.222;2012;20338;M.DIAS BRANCO S.A. IND COM DE ALIMENTOS
0;18.391;2012;20346;PROFARMA
0;31.092.222;2012;20354;TERRA SANTA AGRO S.A
0;160.049;2012;20362;POSITIVO TEC
0;118.073;2012;20370;LPS BRASIL - CONSULTORIA DE IMOVEIS S.A
0;495.728;2012;20435;TECNISA
0;12.957;2012;20451;RNI NEG
0;5.279.660;2012;20478;PDG REALT
0;239.821;2012;20494;IGUATEMI
0;1.165.135;2012;20524;EVEN CONSTRUTORA E INCORPORADORA S.A
0;1.595.438;2012;20532;BCO SANTANDER (BRASIL) S.A
0;31.092.222;2012;20540;CPFL ENERGIAS RENOV
0;31.092.222;2012;20567;PINE
0;31.092.222;2012;20575;JBS
0;31.092.222;2012;20605;JHSF PART
0;14.702;2012;20613;METALFRIO
0;39.768;2012;20621;FERTILIZANTES HERINGER S.A
0;31.092.222;2012;20630;CR2
0;31.092.222;2012;20702;VIVER
0;21.12;2012;20710;LOG-IN
0;167.227;2012;20745;SLC AGRICOLA
0;31.092.222;2012;20770;EZ TEC EMPREEND. E PARTICIPACOES S.A
0;1.148.533;2012;20788;MARFRIG
0;59.427;2012;20800;TEGMA
0;168.96900000000002;2012;20877;HELBOR
0;3.053;2012;20885;INDUSVAL
0;2.824.540;2012;20915;MRV
0;247.162;2012;20931;MINERVA
0;146.89;2012;20958;ABC BRASIL
0;2.7439999999999998;2012;20966;SPRINGS
0;366.08099999999996;2012;20982;MULTIPLAN
0;687.1560000000001;2012;20990;B2W - COMPANHIA DIGITAL
0;39.789;2012;21008;GENERAL SHOPPING E OUTLETS DO BRASIL S.A
0;31.092.222;2012;2100;CAMBUCI
0;31.092.222;2012;21016;ESTACIO PART
0;31.092.222;2012;21032;ALGAR TELECOM S
0;5.874;2012;21040;CYRELA COMMERCIAL PROPERT S.A. EMPR PART
0;31.092.222;2012;21091;DURATEX S.A
0;31.092.222;2012;21121;SUL AMERICA S.A
0;11.752;2012;21130;TRISUL
0;31.092.222;2012;21156;J. MACEDO S.A
0;612.955;2012;21180;BRASIL BROKERS PARTICIPACOES S.A
0;31.092.222;2012;21199;BCO PAN S.A
0;31.092.222;2012;21237;ENEVA S.A
0;204.71200000000002;2012;21300;ALIANSCE
0;31.092.222;2012;21334;NUTRIPLANT
0;547.4;2012;21342;OSX BRASIL
0;68.315;2012;21350;DIRECIONAL
0;31.092.222;2012;21393;CELGPAR
0;2.465.511;2012;21431;HYPERA
0;31.092.222;2012;21555;UNIDAS S.A
0;4.958.998;2012;21610;B3 S.A. - BRASIL
0;2.218;2012;21636;RENOVA ENERGIA S.A
0;5.327000000000001;2012;21717;TARPON INV
0;31.092.222;2012;21725;ADVANCED DIGITAL HEALTH MEDICINA PREVENTIVA S.A
0;1.650.931;2012;21733;CIELO
0;31.092.222;2012;21881;FLEURY
0;31.092.222;2012;21903;ECORODOVIAS CONCES
0;82.31;2012;22020;JSL
0;192.923;2012;22055;MARISA LOJAS S.A
0;31.092.222;2012;22187;PETRO RIO S.A
0;31.092.222;2012;22217;ALPER CONSULTORIA E CORRETORA DE SEGUROS S.A
0;132.174;2012;22349;AREZZO IND
0;59.032;2012;22357;SONAE SIERRA BRASIL S.A
0;31.092.222;2012;22365;ENAUTA PART
0;46.184;2012;22454;T4F ENTRETENIMENTO S.A
0;336.772;2012;22470;MAGAZINE LUIZA S.A
0;309.246;2012;22497;QUALICORP
0;7.466;2012;22500;BRASIL PHARMA S.A
0;38.82;2012;22519;TECHNOS S.A
0;31.092.222;2012;22551;SOMOS EDUCA
0;31.092.222;2012;22594;STATKRAFT
0;31.092.222;2012;22616;BCO BTG PACTUAL S.A
0;21.298000000000002;2012;22691;CIA LOCA
0;31.092.222;2012;22799;SINQIA
0;2.049;2012;2429;CELULOSE IRANI S.A
0;2.042.127;2012;2437;ELETROBRAS
0;1.834.098;2012;2453;CIA ENERGETICA DE MINAS GERAIS - CEMIG
0;13.418;2012;2461;CENTRAIS ELET DE SANTA CATARINA S.A
0;46.394;2012;3069;FERBASA
0;31.092.222;2012;3077;CEDRO
0;180;2012;3115;CIA SEGUROS ALIANCA DA BAHIA
0;3.7239999999999998;2012;3158;COTEMINAS
0;31.092.222;2012;3190;REDE ENERGIA
0;1.3630000000000002;2012;3298;HABITASUL
0;31.092.222;2012;3395;CIA INDUSTRIAL CATAGUASES
0;31.092.222;2012;3654;CIA MELHORAMENTOS DE SAO PAULO
0;3.497.174;2012;3980;GERDAU S.A
0;2.340.146;2012;4030;CIA SIDERURGICA NACIONAL
0;809;2012;4081;SANTANENSE
0;1.4180000000000001;2012;4146;KARSTEN
0;31.092.222;2012;4170;VALE S.A
0;2.575;2012;4537;GRAZZIOTIN
0;16.444000000000003;2012;4669;GUARARAPES CONFECCOES S.A
0;31.092.222;2012;4707;CONSORCIO ALFA DE ADMINISTRACAO S.A
0;42;2012;4723;CONSTRUTORA ADOLPHO LINDENBERG S.A
0;1.303.828;2012;4820;BRASKEM
0;42;2012;4863;CORREA RIBEIRO S.A. COMERCIO E INDUSTRIA
0;31.092.222;2012;5207;DOHLER
0;31.092.222;2012;5258;RAIA DROGASIL S.A
0;31.092.222;2012;5312;MUNDIAL S.A. - PRODUTOS DE CONSUMO
0;268.686;2012;5410;WEG S.A
0;74.91199999999999;2012;5762;ETERNIT
0;16.133;2012;5770;EUCATEX
0;46.063;2012;6173;TAURUS ARMAS S.A
0;6.93;2012;6211;FRAS-LE S.A
0;2.461;2012;6343;TUPY
0;31.092.222;2012;6505;VIA VAREJO S.A
0;2.2430000000000003;2012;6700;HOTEIS OTHON
0;20.593000000000004;2012;6815;IGB ELETR
0;211;2012;701;BAHEMA S.A
0;17.026;2012;7510;INDUSTRIAS ROMI S.A
0;823;2012;7544;TEXTIL RENAUXVIEW S.A
0;54.495;2012;7595;INEPAR S.A. INDUSTRIA E CONSTRUCOES
0;31.092.222;2012;7617;ITAUSA
0;31.092.222;2012;7811;JOAO FORTES
0;22.764;2012;7870;KEPLER WEBER
0;37.139;2012;80020;GP INVEST
0;4.865;2012;80047;WILSON SONS
0;31.092.222;2012;80063;PATAGONIA
0;31.092.222;2012;80152;PPLA
0;31.092.222;2012;8087;LOJAS AMERIC
0;976.903;2012;8133;LOJAS RENNER
0;31.092.222;2012;8192;TREVISA
0;1.285;2012;8397;MANGELS INDUSTRIAL S.A
0;5.07;2012;8427;ESTRELA
0;699.916;2012;8451;MARCOPOLO S.A
0;116.7;2012;8575;METAL LEVE
0;1.104.919;2012;8656;METALURGICA GERDAU S.A
0;31.092.222;2012;8672;JEREISSATI PARTICIPACOES S.A
0;268;2012;8753;METISA
0;31.092.222;2012;8893;MONTEIRO ARANHA S.A
0;31.092.222;2012;9040;NADIR FIGUEI
0;31.092.222;2012;9067;SUZANO HOLD
0;31.092.222;2012;906;BCO BRADESCO S.A
0;1.955;2012;9342;DIMED
0;231.26;2012;9393;PARANAPANEMA S.A
0;31.092.222;2012;94;PANATLANTICA
0;31.092.222;2012;9512;PETROLEO BRASILEIRO S.A. PETROBRAS
0;31.092.222;2012;9954;ALFA HOLDING
0;31.092.222;2012;9989;REFINARIA DE PETROLEOS MANGUINHOS S.A
0;4.152.649;2013;1023;BCO BRASIL S.A
0;188.976.682;2013;10456;ALPARGATAS
0;74.998;2013;10472;SARAIVA LIVR
0;523;2013;10880;SONDOTECNICA
0;2.182;2013;10960;SPRINGER
0;188.976.682;2013;11070;WLM PART. E
0;5.721;2013;11207;TECNOSOLO
0;7.443;2013;11223;TEKA
0;137;2013;11231;TEKNO
0;4.327.988;2013;11312;OI S.A
0;188.976.682;2013;11398;CRISTAL PIGMENTOS DO BRASIL S.A
0;4.635;2013;1155;BANESTES S.A. - BCO EST ESPIRITO SANTO
0;188.976.682;2013;11762;VULCABRAS
0;344.1;2013;11932;IOCHPE MAXION S.A
0;188.976.682;2013;11975;AZEVEDO
0;4.643;2013;11991;WETZEL S.A
0;188.976.682;2013;1210;BCO ESTADO DO RIO GRANDE DO SUL S.A
0;645;2013;12190;BOMBRIL S.A
0;134;2013;12530;ITAUTEC
0;8.367;2013;12572;RECRUSUL
0;188.976.682;2013;12653;KLABIN S.A
0;4.33;2013;12696;SANSUY S.A. INDUSTRIA DE PLASTICOS
0;10;2013;12823;ALIPERTI
0;188.976.682;2013;1325;BCO MERCANTIL DO BRASIL S.A
0;188.976.682;2013;13285;JOSAPAR
0;5.732;2013;13366;HAGA S.A. INDUSTRIA E COMERCIO
0;19.762999999999998;2013;13471;PLASCAR PARTICIPACOES INDUSTRIAIS S.A
0;9.774;2013;13765;MINUPAR
0;33.244;2013;13773;PBG
0;22.697;2013;13781;SAO CARLOS
0;1.538;2013;1384;BCO ALFA DE INVESTIMENTO S.A
0;188.976.682;2013;13986;SUZANO S.A
0;188.976.682;2013;14109;RANDON S.A. IMPLEMENTOS E PARTICIPACOES
0;21.621;2013;14133;TEC TOY S.A
0;188.976.682;2013;14206;BRB BCO DE BRASILIA S.A
0;690.318;2013;14311;COPEL
0;3.972.967;2013;14320;USIMINAS
0;5.649;2013;14346;WHIRLPOOL
0;563;2013;14451;CIA ENERGETICA DE BRASILIA
0;2.210.554;2013;14460;CYRELA BRAZIL REALTY S.A.EMPREEND E PART
0;5.058;2013;14664;SCHULZ
0;1.420.316;2013;14761;CIA HERING
0;188.976.682;2013;14826;CIA BRASILEIRA DE DISTRIBUICAO
0;188.976.682;2013;15091;LITEL
0;1.2109999999999999;2013;1520;BARDELLA
0;1.685;2013;15253;ENERGISA S.A
0;1;2013;15369;FERROVIA CENTRO-ATLANTICA S.A
0;3.0589999999999997;2013;15458;BATTISTELLA
0;188.976.682;2013;15539;NEOENERGIA S.A
0;188.976.682;2013;1562;BAUMER
0;2.436.306;2013;16101;GAFISA S.A
0;1.727.714;2013;16292;BRF S.A
0;2.631.391;2013;16306;ROSSI RESID
0;188.976.682;2013;16497;ENCORPAR
0;188.976.682;2013;16632;GPC PART
0;188.976.682;2013;16659;PORTO SEGURO S.A
0;310;2013;1694;BICICLETAS MONARK S.A
0;444;2013;16993;EMAE
0;188.976.682;2013;17329;ENGIE BRASIL
0;188.976.682;2013;17450;RUMO S.A
0;188.976.682;2013;17493;CAPITALPART
0;188.976.682;2013;17558;INNCORP S.A
0;188.976.682;2013;17639;TIM PARTICIPACOES S.A
0;1.239.339;2013;17671;TELEF
0;227.31099999999998;2013;17892;SANTOS BRASIL PARTICIPACOES S.A
0;188.976.682;2013;17914;MMX MINER
0;188.976.682;2013;17922;BRAZILIAN FINANCE E REAL ESTATE S.A
0;1.405.801;2013;17973;KROTON EDUCACIONAL S.A
0;188.976.682;2013;18376;CTEEP - CIA TRANSMISS
0;86.844;2013;18414;IDEIASNET
0;1.102.415;2013;18465;ULTRAPAR
0;1.055.484;2013;18660;CPFL ENERGIA S.A
0;206;2013;18708;CIA PARTICIPACOES ALIANCA DA BAHIA
0;1.343.289;2013;18724;BRADESPAR
0;188.976.682;2013;18775;INVEPAR
0;2.696.436;2013;18821;CCR S.A
0;188.976.682;2013;18953;CPFL GERACAO
0;188.976.682;2013;18970;AES TIETE E
0;188.976.682;2013;19062;ANDRADE GUTIERREZ PARTICIPACOES S.A
0;188.976.682;2013;19100;LIQ PARTICIPA
0;188.976.682;2013;19305;BIOMM
0;124.025;2013;19330;TPI - TRIUNFO PARTICIP. E INVEST. S.A
0;5.855.446;2013;19348;ITAU UNIBANCO HOLDING S.A
0;188.976.682;2013;19437;ANDRADE GUTIERREZ CONCESSOES S.A
0;404.349;2013;19445;COPASA
0;188.976.682;2013;19453;ECORODOVIAS INFRAESTRUTURA E LOGSTICA S.A
0;1.478.865;2013;19550;NATURA
0;1.356.016;2013;19569;GOL LINHAS AEREAS INTELIGENTES S.A
0;408.01300000000003;2013;19615;GRENDENE
0;1.338.216;2013;19623;DASA
0;188.976.682;2013;19658;POMIFRUTAS
0;1.083.605;2013;19739;LOCALIZA
0;1.495.781;2013;19763;EDP - ENERGIAS DO BRASIL S.A
0;1.063.374;2013;19836;COSAN S.A
0;797.222;2013;19879;LIGHT S.A
0;2.532.711;2013;19909;BR MALLS PARTICIPACOES S.A
0;1.676.510;2013;19925;BR PROPERTIES S.A
0;476.25;2013;19992;TOTVS
0;188.976.682;2013;20010;EQUATORIAL
0;292.86;2013;20028;VALID SOLUCOES S.A
0;100.165;2013;20060;LUPATECH
0;1.598.910;2013;20087;EMBRAER
0;953.2860000000001;2013;20125;ODONTOPREV
0;188.976.682;2013;20184;CCX CARV
0;480.54699999999997;2013;20257;TRANSMISSORA ALIAN
0;188.976.682;2013;20338;M.DIAS BRANCO S.A. IND COM DE ALIMENTOS
0;53.975;2013;20346;PROFARMA
0;188.976.682;2013;20354;TERRA SANTA AGRO S.A
0;129.641;2013;20362;POSITIVO TEC
0;188.976.682;2013;20370;LPS BRASIL - CONSULTORIA DE IMOVEIS S.A
0;575.1469999999999;2013;20435;TECNISA
0;46.271;2013;20451;RNI NEG
0;3.623.270;2013;20478;PDG REALT
0;188.976.682;2013;20494;IGUATEMI
0;1.401.355;2013;20524;EVEN CONSTRUTORA E INCORPORADORA S.A
0;188.976.682;2013;20532;BCO SANTANDER (BRASIL) S.A
0;188.976.682;2013;20540;CPFL ENERGIAS RENOV
0;188.976.682;2013;20567;PINE
0;2.308.383;2013;20575;JBS
0;471.348;2013;20605;JHSF PART
0;4.595;2013;20613;METALFRIO
0;2.039;2013;20630;CR2
0;52.518;2013;20702;VIVER
0;30.621;2013;20710;LOG-IN
0;188.976.682;2013;20745;SLC AGRICOLA
0;188.976.682;2013;20770;EZ TEC EMPREEND. E PARTICIPACOES S.A
0;1.623.255;2013;20788;MARFRIG
0;176.87400000000002;2013;20800;TEGMA
0;267.026;2013;20877;HELBOR
0;2.38;2013;20885;INDUSVAL
0;2.732.930;2013;20915;MRV
0;693.805;2013;20931;MINERVA
0;200.572;2013;20958;ABC BRASIL
0;188.976.682;2013;20966;SPRINGS
0;499.75;2013;20982;MULTIPLAN
0;188.976.682;2013;20990;B2W - COMPANHIA DIGITAL
0;30.18;2013;21008;GENERAL SHOPPING E OUTLETS DO BRASIL S.A
0;866;2013;2100;CAMBUCI
0;1.246.565;2013;21016;ESTACIO PART
0;188.976.682;2013;21032;ALGAR TELECOM S
0;5.577000000000001;2013;21040;CYRELA COMMERCIAL PROPERT S.A. EMPR PART
0;1.257.099;2013;21091;DURATEX S.A
0;622.746;2013;21121;SUL AMERICA S.A
0;12.193;2013;21130;TRISUL
0;188.976.682;2013;21156;J. MACEDO S.A
0;188.976.682;2013;21180;BRASIL BROKERS PARTICIPACOES S.A
0;188.976.682;2013;21199;BCO PAN S.A
0;188.976.682;2013;21237;ENEVA S.A
0;188.976.682;2013;21300;ALIANSCE
0;188.976.682;2013;21334;NUTRIPLANT
0;188.976.682;2013;21342;OSX BRASIL
0;453.63;2013;21350;DIRECIONAL
0;188.976.682;2013;21393;CELGPAR
0;2.425.274;2013;21431;HYPERA
0;113.485;2013;21490;ALUPAR
0;188.976.682;2013;21555;UNIDAS S.A
0;4.901.722;2013;21610;B3 S.A. - BRASIL
0;1.966;2013;21636;RENOVA ENERGIA S.A
0;4.475;2013;21717;TARPON INV
0;188.976.682;2013;21725;ADVANCED DIGITAL HEALTH MEDICINA PREVENTIVA S.A
0;1.673.911;2013;21733;CIELO
0;277.225;2013;21881;FLEURY
0;188.976.682;2013;21903;ECORODOVIAS CONCES
0;137.611;2013;22020;JSL
0;359.815;2013;22055;MARISA LOJAS S.A
0;188.976.682;2013;22187;PETRO RIO S.A
0;188.976.682;2013;22217;ALPER CONSULTORIA E CORRETORA DE SEGUROS S.A
0;221.955;2013;22349;AREZZO IND
0;96.488;2013;22357;SONAE SIERRA BRASIL S.A
0;188.976.682;2013;22365;ENAUTA PART
0;78.288;2013;22454;T4F ENTRETENIMENTO S.A
0;188.976.682;2013;22470;MAGAZINE LUIZA S.A
0;853.8760000000001;2013;22497;QUALICORP
0;188.976.682;2013;22500;BRASIL PHARMA S.A
0;83.69;2013;22519;TECHNOS S.A
0;188.976.682;2013;22551;SOMOS EDUCA
0;188.976.682;2013;22594;STATKRAFT
0;188.976.682;2013;22616;BCO BTG PACTUAL S.A
0;50.81;2013;22691;CIA LOCA
0;103.95700000000001;2013;22780;UNICASA
0;188.976.682;2013;22799;SINQIA
0;188.976.682;2013;22942;MGI - MINAS GERAIS PARTICIPA
0;77.926;2013;23035;LINX
0;188.976.682;2013;23159;BB SEGURIDADE PARTICIPA
0;188.976.682;2013;23175;IGUA SANEAMENTO S.A
0;49.113;2013;23221;SER EDUCA
0;33.621;2013;23248;ANIMA HOLDING S.A
0;538.508;2013;23264;AMBEV S.A
0;16.02;2013;23310;CVC BRASIL
0;743;2013;2429;CELULOSE IRANI S.A
0;2.707.481;2013;2437;ELETROBRAS
0;2.446.799;2013;2453;CIA ENERGETICA DE MINAS GERAIS - CEMIG
0;13.440999999999999;2013;2461;CENTRAIS ELET DE SANTA CATARINA S.A
0;30.953000000000003;2013;3069;FERBASA
0;188.976.682;2013;3077;CEDRO
0;146;2013;3115;CIA SEGUROS ALIANCA DA BAHIA
0;188.976.682;2013;3158;COTEMINAS
0;188.976.682;2013;3190;REDE ENERGIA
0;188.976.682;2013;3298;HABITASUL
0;188.976.682;2013;3395;CIA INDUSTRIAL CATAGUASES
0;188.976.682;2013;3654;CIA MELHORAMENTOS DE SAO PAULO
0;3.999.901;2013;3980;GERDAU S.A
0;3.253.762;2013;4030;CIA SIDERURGICA NACIONAL
0;1.2690000000000001;2013;4081;SANTANENSE
0;1.8359999999999999;2013;4146;KARSTEN
0;23.531.121;2013;4170;VALE S.A
0;11.171;2013;4537;GRAZZIOTIN
0;15.509;2013;4669;GUARARAPES CONFECCOES S.A
0;188.976.682;2013;4707;CONSORCIO ALFA DE ADMINISTRACAO S.A
0;171;2013;4723;CONSTRUTORA ADOLPHO LINDENBERG S.A
0;1.718.631;2013;4820;BRASKEM
0;188.976.682;2013;4863;CORREA RIBEIRO S.A. COMERCIO E INDUSTRIA
0;651;2013;5207;DOHLER
0;188.976.682;2013;5258;RAIA DROGASIL S.A
0;11.539000000000001;2013;5312;MUNDIAL S.A. - PRODUTOS DE CONSUMO
0;188.976.682;2013;5410;WEG S.A
0;82.01299999999999;2013;5762;ETERNIT
0;34.341;2013;5770;EUCATEX
0;188.976.682;2013;6173;TAURUS ARMAS S.A
0;3.234;2013;6211;FRAS-LE S.A
0;32.830999999999996;2013;6343;TUPY
0;188.976.682;2013;6505;VIA VAREJO S.A
0;2.2319999999999998;2013;6700;HOTEIS OTHON
0;9.984;2013;6815;IGB ELETR
0;870;2013;701;BAHEMA S.A
0;14.992;2013;7510;INDUSTRIAS ROMI S.A
0;188.976.682;2013;7544;TEXTIL RENAUXVIEW S.A
0;48.38;2013;7595;INEPAR S.A. INDUSTRIA E CONSTRUCOES
0;4.626.451;2013;7617;ITAUSA
0;188.976.682;2013;7811;JOAO FORTES
0;43.848;2013;7870;KEPLER WEBER
0;52.401;2013;80020;GP INVEST
0;7.061;2013;80047;WILSON SONS
0;188.976.682;2013;80063;PATAGONIA
0;188.976.682;2013;80152;PPLA
0;1.800.612;2013;8087;LOJAS AMERIC
0;1.005.856;2013;8133;LOJAS RENNER
0;28;2013;8192;TREVISA
0;188.976.682;2013;8397;MANGELS INDUSTRIAL S.A
0;3.207;2013;8427;ESTRELA
0;1.117.040;2013;8451;MARCOPOLO S.A
0;173.351;2013;8575;METAL LEVE
0;1.178.576;2013;8656;METALURGICA GERDAU S.A
0;188.976.682;2013;8672;JEREISSATI PARTICIPACOES S.A
0;1.56;2013;8753;METISA
0;150;2013;8893;MONTEIRO ARANHA S.A
0;103;2013;9040;NADIR FIGUEI
0;188.976.682;2013;9067;SUZANO HOLD
0;6.213.336;2013;906;BCO BRADESCO S.A
0;2.151;2013;9342;DIMED
0;265.298;2013;9393;PARANAPANEMA S.A
0;157;2013;94;PANATLANTICA
0;22.288.316;2013;9512;PETROLEO BRASILEIRO S.A. PETROBRAS
0;37.879;2013;9989;REFINARIA DE PETROLEOS MANGUINHOS S.A
0;5.168.957;2014;1023;BCO BRASIL S.A
0;199.084.666;2014;10456;ALPARGATAS
0;116.616;2014;10472;SARAIVA LIVR
0;363;2014;10880;SONDOTECNICA
0;199.084.666;2014;10960;SPRINGER
0;199.084.666;2014;11070;WLM PART. E
0;47.053999999999995;2014;11207;TECNOSOLO
0;8.93;2014;11223;TEKA
0;177;2014;11231;TEKNO
0;12.465;2014;11258;TELEC BRASILEIRAS S.A. TELEBRAS
0;3.963.015;2014;11312;OI S.A
0;199.084.666;2014;11398;CRISTAL PIGMENTOS DO BRASIL S.A
0;4.43;2014;1155;BANESTES S.A. - BCO EST ESPIRITO SANTO
0;2.136;2014;11762;VULCABRAS
0;302.503;2014;11932;IOCHPE MAXION S.A
0;199.084.666;2014;11975;AZEVEDO
0;1.272;2014;11991;WETZEL S.A
0;869.285;2014;1210;BCO ESTADO DO RIO GRANDE DO SUL S.A
0;199.084.666;2014;12190;BOMBRIL S.A
0;248;2014;12530;ITAUTEC
0;13.414000000000001;2014;12572;RECRUSUL
0;1.842.034;2014;12653;KLABIN S.A
0;2.2030000000000003;2014;12696;SANSUY S.A. INDUSTRIA DE PLASTICOS
0;6;2014;12823;ALIPERTI
0;1.038;2014;1325;BCO MERCANTIL DO BRASIL S.A
0;110;2014;13285;JOSAPAR
0;2.233;2014;13366;HAGA S.A. INDUSTRIA E COMERCIO
0;5.919;2014;13471;PLASCAR PARTICIPACOES INDUSTRIAIS S.A
0;9.868;2014;13765;MINUPAR
0;22.343000000000004;2014;13773;PBG
0;20.267;2014;13781;SAO CARLOS
0;1.4069999999999998;2014;1384;BCO ALFA DE INVESTIMENTO S.A
0;2.824.235;2014;13986;SUZANO S.A
0;795.7489999999999;2014;14109;RANDON S.A. IMPLEMENTOS E PARTICIPACOES
0;7.856;2014;14133;TEC TOY S.A
0;199.084.666;2014;14206;BRB BCO DE BRASILIA S.A
0;199.084.666;2014;14311;COPEL
0;3.593.143;2014;14320;USIMINAS
0;6.702999999999999;2014;14346;WHIRLPOOL
0;199.084.666;2014;14451;CIA ENERGETICA DE BRASILIA
0;2.062.399;2014;14460;CYRELA BRAZIL REALTY S.A.EMPREEND E PART
0;199.084.666;2014;14664;SCHULZ
0;1.282.030;2014;14761;CIA HERING
0;969.824;2014;14826;CIA BRASILEIRA DE DISTRIBUICAO
0;199.084.666;2014;15091;LITEL
0;556;2014;1520;BARDELLA
0;199.084.666;2014;15253;ENERGISA S.A
0;199.084.666;2014;15369;FERROVIA CENTRO-ATLANTICA S.A
0;3.0180000000000002;2014;15458;BATTISTELLA
0;199.084.666;2014;15539;NEOENERGIA S.A
0;199.084.666;2014;1562;BAUMER
0;1.690.985;2014;16101;GAFISA S.A
0;2.068.860;2014;16292;BRF S.A
0;199.084.666;2014;16306;ROSSI RESID
0;199.084.666;2014;16497;ENCORPAR
0;4.146;2014;16632;GPC PART
0;619.019;2014;16659;PORTO SEGURO S.A
0;199.084.666;2014;1694;BICICLETAS MONARK S.A
0;199.084.666;2014;16993;EMAE
0;199.084.666;2014;17329;ENGIE BRASIL
0;199.084.666;2014;17450;RUMO S.A
0;199.084.666;2014;17493;CAPITALPART
0;199.084.666;2014;17558;INNCORP S.A
0;2.513.721;2014;17639;TIM PARTICIPACOES S.A
0;1.270.829;2014;17671;TELEF
0;153.939;2014;17892;SANTOS BRASIL PARTICIPACOES S.A
0;199.084.666;2014;17914;MMX MINER
0;199.084.666;2014;17922;BRAZILIAN FINANCE E REAL ESTATE S.A
0;2.763.600;2014;17973;KROTON EDUCACIONAL S.A
0;199.084.666;2014;18376;CTEEP - CIA TRANSMISS
0;43.428999999999995;2014;18414;IDEIASNET
0;1.619.711;2014;18465;ULTRAPAR
0;1.386.579;2014;18660;CPFL ENERGIA S.A
0;106;2014;18708;CIA PARTICIPACOES ALIANCA DA BAHIA
0;1.501.017;2014;18724;BRADESPAR
0;199.084.666;2014;18775;INVEPAR
0;3.250.663;2014;18821;CCR S.A
0;199.084.666;2014;18953;CPFL GERACAO
0;199.084.666;2014;18970;AES TIETE E
0;199.084.666;2014;19062;ANDRADE GUTIERREZ PARTICIPACOES S.A
0;199.084.666;2014;19100;LIQ PARTICIPA
0;716;2014;19305;BIOMM
0;83.177;2014;19330;TPI - TRIUNFO PARTICIP. E INVEST. S.A
0;7.009.552;2014;19348;ITAU UNIBANCO HOLDING S.A
0;199.084.666;2014;19437;ANDRADE GUTIERREZ CONCESSOES S.A
0;354.869;2014;19445;COPASA
0;199.084.666;2014;19453;ECORODOVIAS INFRAESTRUTURA E LOGSTICA S.A
0;1.239.105;2014;19550;NATURA
0;1.028.060;2014;19569;GOL LINHAS AEREAS INTELIGENTES S.A
0;199.084.666;2014;19615;GRENDENE
0;123.381;2014;19623;DASA
0;199.084.666;2014;19658;POMIFRUTAS
0;1.088.714;2014;19739;LOCALIZA
0;1.694.823;2014;19763;EDP - ENERGIAS DO BRASIL S.A
0;1.340.855;2014;19836;COSAN S.A
0;867.319;2014;19879;LIGHT S.A
0;2.164.051;2014;19909;BR MALLS PARTICIPACOES S.A
0;1.465.433;2014;19925;BR PROPERTIES S.A
0;199.084.666;2014;19992;TOTVS
0;693.194;2014;20010;EQUATORIAL
0;409.13599999999997;2014;20028;VALID SOLUCOES S.A
0;88.521;2014;20060;LUPATECH
0;1.742.777;2014;20087;EMBRAER
0;199.084.666;2014;20125;ODONTOPREV
0;83.944;2014;20184;CCX CARV
0;584.589;2014;20257;TRANSMISSORA ALIAN
0;199.084.666;2014;20338;M.DIAS BRANCO S.A. IND COM DE ALIMENTOS
0;199.084.666;2014;20346;PROFARMA
0;199.084.666;2014;20354;TERRA SANTA AGRO S.A
0;95.06700000000001;2014;20362;POSITIVO TEC
0;207.804;2014;20370;LPS BRASIL - CONSULTORIA DE IMOVEIS S.A
0;199.084.666;2014;20435;TECNISA
0;31.261999999999997;2014;20451;RNI NEG
0;2.061.242;2014;20478;PDG REALT
0;199.084.666;2014;20494;IGUATEMI
0;199.084.666;2014;20524;EVEN CONSTRUTORA E INCORPORADORA S.A
0;199.084.666;2014;20532;BCO SANTANDER (BRASIL) S.A
0;199.084.666;2014;20540;CPFL ENERGIAS RENOV
0;29.513;2014;20567;PINE
0;199.084.666;2014;20575;JBS
0;156.991;2014;20605;JHSF PART
0;6.171;2014;20613;METALFRIO
0;1.338;2014;20630;CR2
0;31.398000000000003;2014;20702;VIVER
0;112.65100000000001;2014;20710;LOG-IN
0;199.084.666;2014;20745;SLC AGRICOLA
0;506.923;2014;20770;EZ TEC EMPREEND. E PARTICIPACOES S.A
0;199.084.666;2014;20788;MARFRIG
0;180.645;2014;20800;TEGMA
0;199.084.666;2014;20877;HELBOR
0;3.861;2014;20885;INDUSVAL
0;2.295.105;2014;20915;MRV
0;654.234;2014;20931;MINERVA
0;201.59900000000002;2014;20958;ABC BRASIL
0;9.994;2014;20966;SPRINGS
0;199.084.666;2014;20982;MULTIPLAN
0;415.353;2014;20990;B2W - COMPANHIA DIGITAL
0;1.479;2014;2100;CAMBUCI
0;2.525.593;2014;21016;ESTACIO PART
0;199.084.666;2014;21032;ALGAR TELECOM S
0;199.084.666;2014;21040;CYRELA COMMERCIAL PROPERT S.A. EMPR PART
0;1.469.181;2014;21091;DURATEX S.A
0;811.949;2014;21121;SUL AMERICA S.A
0;5.34;2014;21130;TRISUL
0;199.084.666;2014;21156;J. MACEDO S.A
0;465.31300000000005;2014;21180;BRASIL BROKERS PARTICIPACOES S.A
0;199.084.666;2014;21199;BCO PAN S.A
0;473.51300000000003;2014;21237;ENEVA S.A
0;326.316;2014;21300;ALIANSCE
0;199.084.666;2014;21334;NUTRIPLANT
0;139.013;2014;21342;OSX BRASIL
0;483.06300000000005;2014;21350;DIRECIONAL
0;32;2014;21393;CELGPAR
0;1.986.748;2014;21431;HYPERA
0;90.61399999999999;2014;21440;RESTOQUE COM
0;199.084.666;2014;21490;ALUPAR
0;199.084.666;2014;21555;UNIDAS S.A
0;5.782.324;2014;21610;B3 S.A. - BRASIL
0;199.084.666;2014;21636;RENOVA ENERGIA S.A
0;4.64;2014;21717;TARPON INV
0;199.084.666;2014;21725;ADVANCED DIGITAL HEALTH MEDICINA PREVENTIVA S.A
0;2.619.219;2014;21733;CIELO
0;199.084.666;2014;21881;FLEURY
0;199.084.666;2014;21903;ECORODOVIAS CONCES
0;113.1;2014;22020;JSL
0;201.33700000000002;2014;22055;MARISA LOJAS S.A
0;199.084.666;2014;22187;PETRO RIO S.A
0;199.084.666;2014;22217;ALPER CONSULTORIA E CORRETORA DE SEGUROS S.A
0;139.246;2014;22349;AREZZO IND
0;65.705;2014;22357;SONAE SIERRA BRASIL S.A
0;199.084.666;2014;22365;ENAUTA PART
0;78.503;2014;22454;T4F ENTRETENIMENTO S.A
0;199.084.666;2014;22470;MAGAZINE LUIZA S.A
0;1.684.315;2014;22497;QUALICORP
0;199.084.666;2014;22500;BRASIL PHARMA S.A
0;49.315;2014;22519;TECHNOS S.A
0;199.084.666;2014;22551;SOMOS EDUCA
0;199.084.666;2014;22594;STATKRAFT
0;199.084.666;2014;22616;BCO BTG PACTUAL S.A
0;45.895;2014;22691;CIA LOCA
0;59.18899999999999;2014;22780;UNICASA
0;199.084.666;2014;22799;SINQIA
0;199.084.666;2014;22942;MGI - MINAS GERAIS PARTICIPA
0;89.29799999999999;2014;23035;LINX
0;3.302.982;2014;23159;BB SEGURIDADE PARTICIPA
0;199.084.666;2014;23175;IGUA SANEAMENTO S.A
0;305.877;2014;23221;SER EDUCA
0;205.952;2014;23248;ANIMA HOLDING S.A
0;5.949.604;2014;23264;AMBEV S.A
0;199.084.666;2014;23280;OURO VERDE
0;159.241;2014;23310;CVC BRASIL
0;199.084.666;2014;23434;LIBRA TERMINAL RIO S.A
0;258.045;2014;23485;COSAN LOG
0;199.084.666;2014;23493;DOMMO ENERGIA S.A
0;199.084.666;2014;23507;OURO FINO SAUDE ANIMAL PARTICIPACOES S.A
0;1.548;2014;2429;CELULOSE IRANI S.A
0;2.746.423;2014;2437;ELETROBRAS
0;3.055.965;2014;2453;CIA ENERGETICA DE MINAS GERAIS - CEMIG
0;16.477;2014;2461;CENTRAIS ELET DE SANTA CATARINA S.A
0;19.035;2014;3069;FERBASA
0;199.084.666;2014;3077;CEDRO
0;87;2014;3115;CIA SEGUROS ALIANCA DA BAHIA
0;2.238;2014;3158;COTEMINAS
0;199.084.666;2014;3190;REDE ENERGIA
0;279;2014;3204;CEEE-GT
0;199.084.666;2014;3298;HABITASUL
0;199.084.666;2014;3395;CIA INDUSTRIAL CATAGUASES
0;199.084.666;2014;3654;CIA MELHORAMENTOS DE SAO PAULO
0;3.790.178;2014;3980;GERDAU S.A
0;3.070.203;2014;4030;CIA SIDERURGICA NACIONAL
0;929;2014;4081;SANTANENSE
0;199.084.666;2014;4146;KARSTEN
0;16.943.824;2014;4170;VALE S.A
0;7.84;2014;4537;GRAZZIOTIN
0;36.527;2014;4669;GUARARAPES CONFECCOES S.A
0;199.084.666;2014;4707;CONSORCIO ALFA DE ADMINISTRACAO S.A
0;199.084.666;2014;4723;CONSTRUTORA ADOLPHO LINDENBERG S.A
0;1.561.610;2014;4820;BRASKEM
0;199.084.666;2014;4863;CORREA RIBEIRO S.A. COMERCIO E INDUSTRIA
0;199.084.666;2014;5207;DOHLER
0;2.888;2014;5312;MUNDIAL S.A. - PRODUTOS DE CONSUMO
0;647.111;2014;5410;WEG S.A
0;66.684;2014;5762;ETERNIT
0;15.812999999999999;2014;5770;EUCATEX
0;199.084.666;2014;6173;TAURUS ARMAS S.A
0;2.5660000000000003;2014;6211;FRAS-LE S.A
0;199.084.666;2014;6343;TUPY
0;487.837;2014;6505;VIA VAREJO S.A
0;2.964;2014;6700;HOTEIS OTHON
0;199.084.666;2014;6815;IGB ELETR
0;34.124;2014;7510;INDUSTRIAS ROMI S.A
0;199.084.666;2014;7544;TEXTIL RENAUXVIEW S.A
0;199.084.666;2014;7595;INEPAR S.A. INDUSTRIA E CONSTRUCOES
0;5.793.064;2014;7617;ITAUSA
0;677;2014;7811;JOAO FORTES
0;46.847;2014;7870;KEPLER WEBER
0;58.309;2014;80020;GP INVEST
0;11.33;2014;80047;WILSON SONS
0;5;2014;80063;PATAGONIA
0;199.084.666;2014;80152;PPLA
0;2.141.770;2014;8087;LOJAS AMERIC
0;904.5830000000001;2014;8133;LOJAS RENNER
0;30;2014;8192;TREVISA
0;199.084.666;2014;8397;MANGELS INDUSTRIAL S.A
0;3.9339999999999997;2014;8427;ESTRELA
0;199.084.666;2014;8451;MARCOPOLO S.A
0;199.084.666;2014;8575;METAL LEVE
0;1.259.928;2014;8656;METALURGICA GERDAU S.A
0;199.084.666;2014;8672;JEREISSATI PARTICIPACOES S.A
0;199.084.666;2014;8753;METISA
0;199.084.666;2014;8893;MONTEIRO ARANHA S.A
0;199.084.666;2014;9040;NADIR FIGUEI
0;199.084.666;2014;9067;SUZANO HOLD
0;6.888.713;2014;906;BCO BRADESCO S.A
0;2.7039999999999997;2014;9342;DIMED
0;95.613;2014;9393;PARANAPANEMA S.A
0;490;2014;94;PANATLANTICA
0;33.400.715;2014;9512;PETROLEO BRASILEIRO S.A. PETROBRAS
0;199.084.666;2014;9989;REFINARIA DE PETROLEOS MANGUINHOS S.A
0;4.852.850;2015;1023;BCO BRASIL S.A
0;325.434;2015;10456;ALPARGATAS
0;104.646;2015;10472;SARAIVA LIVR
0;194;2015;10880;SONDOTECNICA
0;209.151.727;2015;10960;SPRINGER
0;209.151.727;2015;11070;WLM PART. E
0;54.949;2015;11207;TECNOSOLO
0;4.485;2015;11223;TEKA
0;209.151.727;2015;11231;TEKNO
0;7.4510000000000005;2015;11258;TELEC BRASILEIRAS S.A. TELEBRAS
0;2.313.125;2015;11312;OI S.A
0;707;2015;11398;CRISTAL PIGMENTOS DO BRASIL S.A
0;2.917;2015;1155;BANESTES S.A. - BCO EST ESPIRITO SANTO
0;1.102;2015;11762;VULCABRAS
0;209.151.727;2015;11932;IOCHPE MAXION S.A
0;209.151.727;2015;11975;AZEVEDO
0;496;2015;11991;WETZEL S.A
0;209.151.727;2015;1210;BCO ESTADO DO RIO GRANDE DO SUL S.A
0;575;2015;12190;BOMBRIL S.A
0;6.032;2015;12319;J B DUARTE
0;209.151.727;2015;12530;ITAUTEC
0;7.452000000000001;2015;12572;RECRUSUL
0;209.151.727;2015;12653;KLABIN S.A
0;2.055;2015;12696;SANSUY S.A. INDUSTRIA DE PLASTICOS
0;209.151.727;2015;12823;ALIPERTI
0;209.151.727;2015;1325;BCO MERCANTIL DO BRASIL S.A
0;209.151.727;2015;13285;JOSAPAR
0;3.1060000000000003;2015;13366;HAGA S.A. INDUSTRIA E COMERCIO
0;7.375;2015;13471;PLASCAR PARTICIPACOES INDUSTRIAIS S.A
0;9.203;2015;13765;MINUPAR
0;14.822000000000001;2015;13773;PBG
0;9.367;2015;13781;SAO CARLOS
0;2.505;2015;1384;BCO ALFA DE INVESTIMENTO S.A
0;3.697.466;2015;13986;SUZANO S.A
0;209.151.727;2015;14109;RANDON S.A. IMPLEMENTOS E PARTICIPACOES
0;209.151.727;2015;14133;TEC TOY S.A
0;209.151.727;2015;14206;BRB BCO DE BRASILIA S.A
0;952.368;2015;14311;COPEL
0;2.390.861;2015;14320;USIMINAS
0;9.289;2015;14346;WHIRLPOOL
0;138;2015;14451;CIA ENERGETICA DE BRASILIA
0;1.762.190;2015;14460;CYRELA BRAZIL REALTY S.A.EMPREEND E PART
0;8.447000000000001;2015;14664;SCHULZ
0;945.747;2015;14761;CIA HERING
0;1.524.695;2015;14826;CIA BRASILEIRA DE DISTRIBUICAO
0;209.151.727;2015;15091;LITEL
0;327;2015;1520;BARDELLA
0;1.048;2015;15253;ENERGISA S.A
0;2.352;2015;15458;BATTISTELLA
0;209.151.727;2015;15539;NEOENERGIA S.A
0;209.151.727;2015;1562;BAUMER
0;1.108.612;2015;16101;GAFISA S.A
0;2.661.239;2015;16292;BRF S.A
0;209.151.727;2015;16306;ROSSI RESID
0;209.151.727;2015;16497;ENCORPAR
0;209.151.727;2015;16632;GPC PART
0;775.815;2015;16659;PORTO SEGURO S.A
0;448;2015;1694;BICICLETAS MONARK S.A
0;209.151.727;2015;16993;EMAE
0;209.151.727;2015;17329;ENGIE BRASIL
0;209.151.727;2015;17450;RUMO S.A
0;1;2015;17493;CAPITALPART
0;209.151.727;2015;17558;INNCORP S.A
0;209.151.727;2015;17639;TIM PARTICIPACOES S.A
0;2.186.240;2015;17671;TELEF
0;80.683;2015;17892;SANTOS BRASIL PARTICIPACOES S.A
0;209.151.727;2015;17914;MMX MINER
0;209.151.727;2015;17922;BRAZILIAN FINANCE E REAL ESTATE S.A
0;5.579.103;2015;17973;KROTON EDUCACIONAL S.A
0;237;2015;18368;RIO PARANAPANEMA ENERGIA S.A
0;209.151.727;2015;18376;CTEEP - CIA TRANSMISS
0;209.151.727;2015;18414;IDEIASNET
0;1.670.787;2015;18465;ULTRAPAR
0;1.492.827;2015;18660;CPFL ENERGIA S.A
0;209.151.727;2015;18708;CIA PARTICIPACOES ALIANCA DA BAHIA
0;1.878.440;2015;18724;BRADESPAR
0;209.151.727;2015;18775;INVEPAR
0;3.797.876;2015;18821;CCR S.A
0;209.151.727;2015;18953;CPFL GERACAO
0;209.151.727;2015;19062;ANDRADE GUTIERREZ PARTICIPACOES S.A
0;209.151.727;2015;19100;LIQ PARTICIPA
0;209.151.727;2015;19305;BIOMM
0;61.629;2015;19330;TPI - TRIUNFO PARTICIP. E INVEST. S.A
0;8.782.886;2015;19348;ITAU UNIBANCO HOLDING S.A
0;209.151.727;2015;19437;ANDRADE GUTIERREZ CONCESSOES S.A
0;300.222;2015;19445;COPASA
0;209.151.727;2015;19453;ECORODOVIAS INFRAESTRUTURA E LOGSTICA S.A
0;1.215.015;2015;19550;NATURA
0;209.151.727;2015;19569;GOL LINHAS AEREAS INTELIGENTES S.A
0;345.086;2015;19615;GRENDENE
0;15.047;2015;19623;DASA
0;209.151.727;2015;19658;POMIFRUTAS
0;1.199.449;2015;19739;LOCALIZA
0;209.151.727;2015;19763;EDP - ENERGIAS DO BRASIL S.A
0;1.397.538;2015;19836;COSAN S.A
0;976.45;2015;19879;LIGHT S.A
0;2.325.903;2015;19909;BR MALLS PARTICIPACOES S.A
0;829.985;2015;19925;BR PROPERTIES S.A
0;807.235;2015;19992;TOTVS
0;1.338.857;2015;20010;EQUATORIAL
0;488.092;2015;20028;VALID SOLUCOES S.A
0;209.151.727;2015;20060;LUPATECH
0;1.831.333;2015;20087;EMBRAER
0;209.151.727;2015;20125;ODONTOPREV
0;30.636999999999997;2015;20184;CCX CARV
0;785.6310000000001;2015;20257;TRANSMISSORA ALIAN
0;209.151.727;2015;20338;M.DIAS BRANCO S.A. IND COM DE ALIMENTOS
0;37.455;2015;20346;PROFARMA
0;209.151.727;2015;20354;TERRA SANTA AGRO S.A
0;74.904;2015;20362;POSITIVO TEC
0;209.151.727;2015;20370;LPS BRASIL - CONSULTORIA DE IMOVEIS S.A
0;209.151.727;2015;20435;TECNISA
0;12.584000000000001;2015;20451;RNI NEG
0;775.9110000000001;2015;20478;PDG REALT
0;209.151.727;2015;20494;IGUATEMI
0;1.139.402;2015;20524;EVEN CONSTRUTORA E INCORPORADORA S.A
0;964.132;2015;20532;BCO SANTANDER (BRASIL) S.A
0;209.151.727;2015;20540;CPFL ENERGIAS RENOV
0;20.059;2015;20567;PINE
0;4.837.093;2015;20575;JBS
0;209.151.727;2015;20605;JHSF PART
0;2.738;2015;20613;METALFRIO
0;1.27;2015;20630;CR2
0;10.39;2015;20702;VIVER
0;91.17299999999999;2015;20710;LOG-IN
0;195.301;2015;20745;SLC AGRICOLA
0;209.151.727;2015;20770;EZ TEC EMPREEND. E PARTICIPACOES S.A
0;209.151.727;2015;20788;MARFRIG
0;125.59100000000001;2015;20800;TEGMA
0;209.151.727;2015;20877;HELBOR
0;2.1180000000000003;2015;20885;INDUSVAL
0;209.151.727;2015;20915;MRV
0;765.873;2015;20931;MINERVA
0;229.71400000000003;2015;20958;ABC BRASIL
0;24.230999999999998;2015;20966;SPRINGS
0;1.138.596;2015;20982;MULTIPLAN
0;425.80300000000005;2015;20990;B2W - COMPANHIA DIGITAL
0;14.800999999999998;2015;21008;GENERAL SHOPPING E OUTLETS DO BRASIL S.A
0;209.151.727;2015;2100;CAMBUCI
0;2.135.294;2015;21016;ESTACIO PART
0;209.151.727;2015;21032;ALGAR TELECOM S
0;692;2015;21040;CYRELA COMMERCIAL PROPERT S.A. EMPR PART
0;1.258.274;2015;21091;DURATEX S.A
0;209.151.727;2015;21121;SUL AMERICA S.A
0;3.239;2015;21130;TRISUL
0;209.151.727;2015;21156;J. MACEDO S.A
0;209.151.727;2015;21180;BRASIL BROKERS PARTICIPACOES S.A
0;28.605;2015;21199;BCO PAN S.A
0;209.151.727;2015;21237;ENEVA S.A
0;350.29400000000004;2015;21300;ALIANSCE
0;209.151.727;2015;21334;NUTRIPLANT
0;38.799;2015;21342;OSX BRASIL
0;209.151.727;2015;21350;DIRECIONAL
0;209.151.727;2015;21393;CELGPAR
0;2.311.398;2015;21431;HYPERA
0;78.719;2015;21440;RESTOQUE COM
0;209.151.727;2015;21490;ALUPAR
0;209.151.727;2015;21555;UNIDAS S.A
0;5.425.148;2015;21610;B3 S.A. - BRASIL
0;7.582999999999999;2015;21636;RENOVA ENERGIA S.A
0;209.151.727;2015;21717;TARPON INV
0;209.151.727;2015;21725;ADVANCED DIGITAL HEALTH MEDICINA PREVENTIVA S.A
0;3.582.580;2015;21733;CIELO
0;209.151.727;2015;21881;FLEURY
0;209.151.727;2015;21903;ECORODOVIAS CONCES
0;47.214;2015;22020;JSL
0;44.148;2015;22055;MARISA LOJAS S.A
0;127.87;2015;22187;PETRO RIO S.A
0;209.151.727;2015;22217;ALPER CONSULTORIA E CORRETORA DE SEGUROS S.A
0;133.717;2015;22349;AREZZO IND
0;23.675;2015;22357;SONAE SIERRA BRASIL S.A
0;209.151.727;2015;22365;ENAUTA PART
0;24.695;2015;22454;T4F ENTRETENIMENTO S.A
0;209.151.727;2015;22470;MAGAZINE LUIZA S.A
0;2.126.163;2015;22497;QUALICORP
0;209.151.727;2015;22500;BRASIL PHARMA S.A
0;40.289;2015;22519;TECHNOS S.A
0;115.51899999999999;2015;22551;SOMOS EDUCA
0;209.151.727;2015;22594;STATKRAFT
0;209.151.727;2015;22616;BCO BTG PACTUAL S.A
0;14.338;2015;22780;UNICASA
0;209.151.727;2015;22799;SINQIA
0;209.151.727;2015;22942;MGI - MINAS GERAIS PARTICIPA
0;209.151.727;2015;23035;LINX
0;3.677.267;2015;23159;BB SEGURIDADE PARTICIPA
0;209.151.727;2015;23175;IGUA SANEAMENTO S.A
0;532.906;2015;23221;SER EDUCA
0;209.151.727;2015;23248;ANIMA HOLDING S.A
0;5.795.380;2015;23264;AMBEV S.A
0;209.151.727;2015;23280;OURO VERDE
0;209.151.727;2015;23302;QUALITY SOFT
0;209.151.727;2015;23310;CVC BRASIL
0;209.151.727;2015;23434;LIBRA TERMINAL RIO S.A
0;209.151.727;2015;23485;COSAN LOG
0;209.151.727;2015;23493;DOMMO ENERGIA S.A
0;10.133;2015;23507;OURO FINO SAUDE ANIMAL PARTICIPACOES S.A
0;209.151.727;2015;23574;INTERNATIONAL MEAL COMPANY ALIMENTACAO S.A
0;209.151.727;2015;23590;WIZ SOLU
0;209.151.727;2015;23710;BR HOME
0;533;2015;2429;CELULOSE IRANI S.A
0;2.319.541;2015;2437;ELETROBRAS
0;2.919.399;2015;2453;CIA ENERGETICA DE MINAS GERAIS - CEMIG
0;16.204;2015;2461;CENTRAIS ELET DE SANTA CATARINA S.A
0;53.582;2015;3069;FERBASA
0;209.151.727;2015;3077;CEDRO
0;207;2015;3115;CIA SEGUROS ALIANCA DA BAHIA
0;2.115;2015;3158;COTEMINAS
0;1.297;2015;3190;REDE ENERGIA
0;282;2015;3204;CEEE-GT
0;209.151.727;2015;3298;HABITASUL
0;209.151.727;2015;3395;CIA INDUSTRIAL CATAGUASES
0;209.151.727;2015;3654;CIA MELHORAMENTOS DE SAO PAULO
0;4.131.251;2015;3980;GERDAU S.A
0;2.272.578;2015;4030;CIA SIDERURGICA NACIONAL
0;468;2015;4081;SANTANENSE
0;3.5010000000000003;2015;4146;KARSTEN
0;17.602.666;2015;4170;VALE S.A
0;7.077999999999999;2015;4537;GRAZZIOTIN
0;40.924;2015;4669;GUARARAPES CONFECCOES S.A
0;209.151.727;2015;4707;CONSORCIO ALFA DE ADMINISTRACAO S.A
0;209.151.727;2015;4723;CONSTRUTORA ADOLPHO LINDENBERG S.A
0;2.093.499;2015;4820;BRASKEM
0;209.151.727;2015;4863;CORREA RIBEIRO S.A. COMERCIO E INDUSTRIA
0;209.151.727;2015;5207;DOHLER
0;209.151.727;2015;5258;RAIA DROGASIL S.A
0;1.5730000000000002;2015;5312;MUNDIAL S.A. - PRODUTOS DE CONSUMO
0;1.372.113;2015;5410;WEG S.A
0;90.06299999999999;2015;5762;ETERNIT
0;6.96;2015;5770;EUCATEX
0;209.151.727;2015;6173;TAURUS ARMAS S.A
0;209.151.727;2015;6211;FRAS-LE S.A
0;152.616;2015;6343;TUPY
0;209.151.727;2015;6505;VIA VAREJO S.A
0;817;2015;6700;HOTEIS OTHON
0;209.151.727;2015;6815;IGB ELETR
0;27.592;2015;7510;INDUSTRIAS ROMI S.A
0;1.04;2015;7544;TEXTIL RENAUXVIEW S.A
0;12.627;2015;7595;INEPAR S.A. INDUSTRIA E CONSTRUCOES
0;7.433.388;2015;7617;ITAUSA
0;209.151.727;2015;7811;JOAO FORTES
0;31.093000000000004;2015;7870;KEPLER WEBER
0;26.252;2015;80020;GP INVEST
0;9.609;2015;80047;WILSON SONS
0;7;2015;80063;PATAGONIA
0;209.151.727;2015;80152;PPLA
0;2.200.266;2015;8087;LOJAS AMERIC
0;1.426.320;2015;8133;LOJAS RENNER
0;40;2015;8192;TREVISA
0;209.151.727;2015;8397;MANGELS INDUSTRIAL S.A
0;2.903;2015;8427;ESTRELA
0;1.414.392;2015;8451;MARCOPOLO S.A
0;183.24400000000003;2015;8575;METAL LEVE
0;209.151.727;2015;8656;METALURGICA GERDAU S.A
0;209.151.727;2015;8672;JEREISSATI PARTICIPACOES S.A
0;1.06;2015;8753;METISA
0;209.151.727;2015;8893;MONTEIRO ARANHA S.A
0;209.151.727;2015;9040;NADIR FIGUEI
0;209.151.727;2015;9067;SUZANO HOLD
0;8.263.674;2015;906;BCO BRADESCO S.A
0;209.151.727;2015;9342;DIMED
0;154.434;2015;9393;PARANAPANEMA S.A
0;209.151.727;2015;9415;SAO PAULO TURISMO S.A
0;209.151.727;2015;94;PANATLANTICA
0;25.400.596;2015;9512;PETROLEO BRASILEIRO S.A. PETROBRAS
0;209.151.727;2015;9989;REFINARIA DE PETROLEOS MANGUINHOS S.A
0;6.228.149;2016;1023;BCO BRASIL S.A
0;443.106;2016;10456;ALPARGATAS
0;62.408;2016;10472;SARAIVA LIVR
0;95;2016;10880;SONDOTECNICA
0;227.953.561;2016;10960;SPRINGER
0;227.953.561;2016;11070;WLM PART. E
0;17.598;2016;11207;TECNOSOLO
0;1.1420000000000001;2016;11223;TEKA
0;227.953.561;2016;11231;TEKNO
0;36.736;2016;11258;TELEC BRASILEIRAS S.A. TELEBRAS
0;227.953.561;2016;11312;OI S.A
0;5.629;2016;11398;CRISTAL PIGMENTOS DO BRASIL S.A
0;4.17;2016;1155;BANESTES S.A. - BCO EST ESPIRITO SANTO
0;10.556;2016;11592;UNIPAR
0;11.925;2016;11762;VULCABRAS
0;227.953.561;2016;11932;IOCHPE MAXION S.A
0;1.867;2016;11975;AZEVEDO
0;370;2016;11991;WETZEL S.A
0;897.9019999999999;2016;1210;BCO ESTADO DO RIO GRANDE DO SUL S.A
0;8.783999999999999;2016;12190;BOMBRIL S.A
0;227.953.561;2016;12319;J B DUARTE
0;227.953.561;2016;12530;ITAUTEC
0;18.445;2016;12572;RECRUSUL
0;2.284.640;2016;12653;KLABIN S.A
0;227.953.561;2016;12696;SANSUY S.A. INDUSTRIA DE PLASTICOS
0;227.953.561;2016;12823;ALIPERTI
0;2.156;2016;1325;BCO MERCANTIL DO BRASIL S.A
0;227.953.561;2016;13285;JOSAPAR
0;227.953.561;2016;13366;HAGA S.A. INDUSTRIA E COMERCIO
0;2.675;2016;13471;PLASCAR PARTICIPACOES INDUSTRIAIS S.A
0;4.38;2016;13765;MINUPAR
0;57.486999999999995;2016;13773;PBG
0;22.634;2016;13781;SAO CARLOS
0;2.156;2016;1384;BCO ALFA DE INVESTIMENTO S.A
0;3.334.622;2016;13986;SUZANO S.A
0;227.953.561;2016;14109;RANDON S.A. IMPLEMENTOS E PARTICIPACOES
0;227.953.561;2016;14133;TEC TOY S.A
0;227.953.561;2016;14206;BRB BCO DE BRASILIA S.A
0;227.953.561;2016;14311;COPEL
0;227.953.561;2016;14320;USIMINAS
0;5.528;2016;14346;WHIRLPOOL
0;178;2016;14451;CIA ENERGETICA DE BRASILIA
0;1.919.679;2016;14460;CYRELA BRAZIL REALTY S.A.EMPREEND E PART
0;29.73;2016;14664;SCHULZ
0;227.953.561;2016;14761;CIA HERING
0;1.327.289;2016;14826;CIA BRASILEIRA DE DISTRIBUICAO
0;227.953.561;2016;15091;LITEL
0;351;2016;1520;BARDELLA
0;206.733;2016;15253;ENERGISA S.A
0;227.953.561;2016;15458;BATTISTELLA
0;227.953.561;2016;15539;NEOENERGIA S.A
0;227.953.561;2016;1562;BAUMER
0;1.216.810;2016;16101;GAFISA S.A
0;2.551.091;2016;16292;BRF S.A
0;119.125;2016;16306;ROSSI RESID
0;77;2016;16497;ENCORPAR
0;5.807;2016;16632;GPC PART
0;793.6210000000001;2016;16659;PORTO SEGURO S.A
0;421;2016;1694;BICICLETAS MONARK S.A
0;1.145;2016;16993;EMAE
0;227.953.561;2016;17329;ENGIE BRASIL
0;227.953.561;2016;17450;RUMO S.A
0;227.953.561;2016;17493;CAPITALPART
0;227.953.561;2016;17558;INNCORP S.A
0;1.986.287;2016;17639;TIM PARTICIPACOES S.A
0;2.512.621;2016;17671;TELEF
0;78.292;2016;17892;SANTOS BRASIL PARTICIPACOES S.A
0;227.953.561;2016;17914;MMX MINER
0;5.085.729;2016;17973;KROTON EDUCACIONAL S.A
0;227.953.561;2016;18287;CIBRASEC
0;227.953.561;2016;18368;RIO PARANAPANEMA ENERGIA S.A
0;227.953.561;2016;18376;CTEEP - CIA TRANSMISS
0;227.953.561;2016;18414;IDEIASNET
0;1.712.861;2016;18465;ULTRAPAR
0;1.772.406;2016;18660;CPFL ENERGIA S.A
0;227.953.561;2016;18708;CIA PARTICIPACOES ALIANCA DA BAHIA
0;1.837.958;2016;18724;BRADESPAR
0;227.953.561;2016;18775;INVEPAR
0;3.550.686;2016;18821;CCR S.A
0;227.953.561;2016;18953;CPFL GERACAO
0;227.953.561;2016;18970;AES TIETE E
0;227.953.561;2016;19062;ANDRADE GUTIERREZ PARTICIPACOES S.A
0;227.953.561;2016;19100;LIQ PARTICIPA
0;428;2016;19305;BIOMM
0;40.152;2016;19330;TPI - TRIUNFO PARTICIP. E INVEST. S.A
0;8.110.196;2016;19348;ITAU UNIBANCO HOLDING S.A
0;227.953.561;2016;19437;ANDRADE GUTIERREZ CONCESSOES S.A
0;351.531;2016;19445;COPASA
0;2.471.588;2016;19453;ECORODOVIAS INFRAESTRUTURA E LOGSTICA S.A
0;1.375.859;2016;19550;NATURA
0;227.953.561;2016;19569;GOL LINHAS AEREAS INTELIGENTES S.A
0;227.953.561;2016;19615;GRENDENE
0;227.953.561;2016;19623;DASA
0;227.953.561;2016;19658;POMIFRUTAS
0;1.325.673;2016;19739;LOCALIZA
0;227.953.561;2016;19763;EDP - ENERGIAS DO BRASIL S.A
0;1.338.557;2016;19836;COSAN S.A
0;3.024.711;2016;19909;BR MALLS PARTICIPACOES S.A
0;384.759;2016;19925;BR PROPERTIES S.A
0;227.953.561;2016;19992;TOTVS
0;1.444.313;2016;20010;EQUATORIAL
0;580.88;2016;20028;VALID SOLUCOES S.A
0;42.345;2016;20060;LUPATECH
0;2.140.904;2016;20087;EMBRAER
0;1.099.296;2016;20125;ODONTOPREV
0;227.953.561;2016;20184;CCX CARV
0;1.122.998;2016;20257;TRANSMISSORA ALIAN
0;227.953.561;2016;20320;CEMIG GERACAO E TRANSMISSAO S.A
0;227.953.561;2016;20338;M.DIAS BRANCO S.A. IND COM DE ALIMENTOS
0;227.953.561;2016;20346;PROFARMA
0;26.57;2016;20354;TERRA SANTA AGRO S.A
0;100.619;2016;20362;POSITIVO TEC
0;227.953.561;2016;20370;LPS BRASIL - CONSULTORIA DE IMOVEIS S.A
0;227.953.561;2016;20435;TECNISA
0;227.953.561;2016;20451;RNI NEG
0;227.953.561;2016;20478;PDG REALT
0;717.768;2016;20494;IGUATEMI
0;227.953.561;2016;20524;EVEN CONSTRUTORA E INCORPORADORA S.A
0;1.652.121;2016;20532;BCO SANTANDER (BRASIL) S.A
0;1.551;2016;20540;CPFL ENERGIAS RENOV
0;7.318;2016;20567;PINE
0;5.066.302;2016;20575;JBS
0;129.105;2016;20605;JHSF PART
0;227.953.561;2016;20613;METALFRIO
0;3.272;2016;20630;CR2
0;227.953.561;2016;20702;VIVER
0;227.953.561;2016;20710;LOG-IN
0;227.953.561;2016;20745;SLC AGRICOLA
0;657.135;2016;20770;EZ TEC EMPREEND. E PARTICIPACOES S.A
0;1.744.881;2016;20788;MARFRIG
0;129.29399999999998;2016;20800;TEGMA
0;227.953.561;2016;20877;HELBOR
0;3.182;2016;20885;INDUSVAL
0;227.953.561;2016;20915;MRV
0;856.2280000000001;2016;20931;MINERVA
0;263.154;2016;20958;ABC BRASIL
0;26.204;2016;20966;SPRINGS
0;1.115.588;2016;20982;MULTIPLAN
0;227.953.561;2016;20990;B2W - COMPANHIA DIGITAL
0;2.488;2016;21008;GENERAL SHOPPING E OUTLETS DO BRASIL S.A
0;227.953.561;2016;2100;CAMBUCI
0;2.044.338;2016;21016;ESTACIO PART
0;227.953.561;2016;21032;ALGAR TELECOM S
0;504;2016;21040;CYRELA COMMERCIAL PROPERT S.A. EMPR PART
0;1.217.308;2016;21091;DURATEX S.A
0;227.953.561;2016;21121;SUL AMERICA S.A
0;1.795;2016;21130;TRISUL
0;227.953.561;2016;21156;J. MACEDO S.A
0;227.953.561;2016;21180;BRASIL BROKERS PARTICIPACOES S.A
0;13.364;2016;21199;BCO PAN S.A
0;57.826;2016;21237;ENEVA S.A
0;227.953.561;2016;21300;ALIANSCE
0;227.953.561;2016;21334;NUTRIPLANT
0;8.878;2016;21342;OSX BRASIL
0;227.953.561;2016;21350;DIRECIONAL
0;89;2016;21393;CELGPAR
0;2.809.585;2016;21431;HYPERA
0;53.966;2016;21440;RESTOQUE COM
0;364.342;2016;21490;ALUPAR
0;227.953.561;2016;21555;UNIDAS S.A
0;5.293.802;2016;21610;B3 S.A. - BRASIL
0;227.953.561;2016;21636;RENOVA ENERGIA S.A
0;227.953.561;2016;21717;TARPON INV
0;3.771.260;2016;21733;CIELO
0;227.953.561;2016;21881;FLEURY
0;227.953.561;2016;21903;ECORODOVIAS CONCES
0;54.373000000000005;2016;22020;JSL
0;33.754;2016;22055;MARISA LOJAS S.A
0;18.849;2016;22187;PETRO RIO S.A
0;227.953.561;2016;22217;ALPER CONSULTORIA E CORRETORA DE SEGUROS S.A
0;147.173;2016;22349;AREZZO IND
0;37.080999999999996;2016;22357;SONAE SIERRA BRASIL S.A
0;227.953.561;2016;22365;ENAUTA PART
0;23.323;2016;22454;T4F ENTRETENIMENTO S.A
0;212.69299999999998;2016;22470;MAGAZINE LUIZA S.A
0;2.048.389;2016;22497;QUALICORP
0;227.953.561;2016;22500;BRASIL PHARMA S.A
0;23.34;2016;22519;TECHNOS S.A
0;4.718;2016;22551;SOMOS EDUCA
0;227.953.561;2016;22594;STATKRAFT
0;3;2016;22616;BCO BTG PACTUAL S.A
0;26.396;2016;22780;UNICASA
0;227.953.561;2016;22799;SINQIA
0;227.953.561;2016;22942;MGI - MINAS GERAIS PARTICIPA
0;211.179;2016;23035;LINX
0;3.618.579;2016;23159;BB SEGURIDADE PARTICIPA
0;227.953.561;2016;23175;IGUA SANEAMENTO S.A
0;422.9;2016;23221;SER EDUCA
0;212.011;2016;23248;ANIMA HOLDING S.A
0;6.575.860;2016;23264;AMBEV S.A
0;227.953.561;2016;23280;OURO VERDE
0;227.953.561;2016;23302;QUALITY SOFT
0;227.953.561;2016;23310;CVC BRASIL
0;227.953.561;2016;23434;LIBRA TERMINAL RIO S.A
0;244.428;2016;23485;COSAN LOG
0;227.953.561;2016;23493;DOMMO ENERGIA S.A
0;4.987;2016;23507;OURO FINO SAUDE ANIMAL PARTICIPACOES S.A
0;227.953.561;2016;23574;INTERNATIONAL MEAL COMPANY ALIMENTACAO S.A
0;227.953.561;2016;23590;WIZ SOLU
0;227.953.561;2016;23710;BR HOME
0;227.953.561;2016;23817;BRQ
0;227.953.561;2016;23965;CINESYSTEM
0;56.82;2016;24058;CENTRO DE IMAGEM DIAGNOSTICOS S.A
0;755;2016;2429;CELULOSE IRANI S.A
0;2.989.272;2016;2437;ELETROBRAS
0;3.599.871;2016;2453;CIA ENERGETICA DE MINAS GERAIS - CEMIG
0;8.996;2016;2461;CENTRAIS ELET DE SANTA CATARINA S.A
0;123.934;2016;3069;FERBASA
0;227.953.561;2016;3077;CEDRO
0;227.953.561;2016;3115;CIA SEGUROS ALIANCA DA BAHIA
0;1.3359999999999999;2016;3158;COTEMINAS
0;227.953.561;2016;3190;REDE ENERGIA
0;384;2016;3204;CEEE-GT
0;227.953.561;2016;3298;HABITASUL
0;227.953.561;2016;3395;CIA INDUSTRIAL CATAGUASES
0;227.953.561;2016;3654;CIA MELHORAMENTOS DE SAO PAULO
0;5.392.972;2016;3980;GERDAU S.A
0;3.359.972;2016;4030;CIA SIDERURGICA NACIONAL
0;912;2016;4081;SANTANENSE
0;1.839;2016;4146;KARSTEN
0;19.350.327;2016;4170;VALE S.A
0;7.824;2016;4537;GRAZZIOTIN
0;36.887;2016;4669;GUARARAPES CONFECCOES S.A
0;326;2016;4707;CONSORCIO ALFA DE ADMINISTRACAO S.A
0;227.953.561;2016;4723;CONSTRUTORA ADOLPHO LINDENBERG S.A
0;2.105.621;2016;4820;BRASKEM
0;227.953.561;2016;4863;CORREA RIBEIRO S.A. COMERCIO E INDUSTRIA
0;227.953.561;2016;5207;DOHLER
0;1.655.224;2016;5258;RAIA DROGASIL S.A
0;2.7569999999999997;2016;5312;MUNDIAL S.A. - PRODUTOS DE CONSUMO
0;2.246.183;2016;5410;WEG S.A
0;79.273;2016;5762;ETERNIT
0;10.254000000000001;2016;5770;EUCATEX
0;227.953.561;2016;6173;TAURUS ARMAS S.A
0;21.389;2016;6211;FRAS-LE S.A
0;227.953.561;2016;6343;TUPY
0;227.953.561;2016;6505;VIA VAREJO S.A
0;857;2016;6700;HOTEIS OTHON
0;6.184;2016;6815;IGB ELETR
0;26.401999999999997;2016;7510;INDUSTRIAS ROMI S.A
0;227.953.561;2016;7544;TEXTIL RENAUXVIEW S.A
0;7.82;2016;7595;INEPAR S.A. INDUSTRIA E CONSTRUCOES
0;7.385.266;2016;7617;ITAUSA
0;227.953.561;2016;7811;JOAO FORTES
0;227.953.561;2016;7870;KEPLER WEBER
0;13.29;2016;80020;GP INVEST
0;4.031000000000001;2016;80047;WILSON SONS
0;15;2016;80063;PATAGONIA
0;2.491.370;2016;8087;LOJAS AMERIC
0;2.879.329;2016;8133;LOJAS RENNER
0;227.953.561;2016;8192;TREVISA
0;2.325;2016;8397;MANGELS INDUSTRIAL S.A
0;13.395999999999999;2016;8427;ESTRELA
0;227.953.561;2016;8451;MARCOPOLO S.A
0;227.953.561;2016;8575;METAL LEVE
0;227.953.561;2016;8656;METALURGICA GERDAU S.A
0;227.953.561;2016;8672;JEREISSATI PARTICIPACOES S.A
0;1.38;2016;8753;METISA
0;227.953.561;2016;8893;MONTEIRO ARANHA S.A
0;227.953.561;2016;9040;NADIR FIGUEI
0;227.953.561;2016;9067;SUZANO HOLD
0;227.953.561;2016;906;BCO BRADESCO S.A
0;227.953.561;2016;9342;DIMED
0;137.422;2016;9393;PARANAPANEMA S.A
0;227.953.561;2016;94;PANATLANTICA
0;22.918.088;2016;9512;PETROLEO BRASILEIRO S.A. PETROBRAS
0;12.545;2016;9989;REFINARIA DE PETROLEOS MANGUINHOS S.A
0;4.988.445;2017;1023;BCO BRASIL S.A
0;439.32099999999997;2017;10456;ALPARGATAS
0;88.926;2017;10472;SARAIVA LIVR
0;119;2017;10880;SONDOTECNICA
0;247.742.270;2017;10960;SPRINGER
0;4.698;2017;11070;WLM PART. E
0;46.41;2017;11207;TECNOSOLO
0;247.742.270;2017;11223;TEKA
0;247.742.270;2017;11231;TEKNO
0;1.085.870;2017;11312;OI S.A
0;13.693;2017;1155;BANESTES S.A. - BCO EST ESPIRITO SANTO
0;52.977;2017;11592;UNIPAR
0;103.199;2017;11762;VULCABRAS
0;247.742.270;2017;11932;IOCHPE MAXION S.A
0;1.474;2017;11975;AZEVEDO
0;247.742.270;2017;11991;WETZEL S.A
0;247.742.270;2017;1210;BCO ESTADO DO RIO GRANDE DO SUL S.A
0;36.275999999999996;2017;12190;BOMBRIL S.A
0;247.742.270;2017;12319;J B DUARTE
0;247.742.270;2017;12530;ITAUTEC
0;217.46;2017;12572;RECRUSUL
0;2.145.468;2017;12653;KLABIN S.A
0;247.742.270;2017;12696;SANSUY S.A. INDUSTRIA DE PLASTICOS
0;247.742.270;2017;12823;ALIPERTI
0;247.742.270;2017;1325;BCO MERCANTIL DO BRASIL S.A
0;247.742.270;2017;13285;JOSAPAR
0;247.742.270;2017;13366;HAGA S.A. INDUSTRIA E COMERCIO
0;1.992;2017;13471;PLASCAR PARTICIPACOES INDUSTRIAIS S.A
0;3.676;2017;13765;MINUPAR
0;240.15900000000002;2017;13773;PBG
0;17.044;2017;13781;SAO CARLOS
0;2.525;2017;1384;BCO ALFA DE INVESTIMENTO S.A
0;2.814.265;2017;13986;SUZANO S.A
0;948.615;2017;14109;RANDON S.A. IMPLEMENTOS E PARTICIPACOES
0;8.439;2017;14133;TEC TOY S.A
0;247.742.270;2017;14206;BRB BCO DE BRASILIA S.A
0;1.001.503;2017;14311;COPEL
0;3.121.886;2017;14320;USIMINAS
0;2.7060000000000004;2017;14346;WHIRLPOOL
0;262;2017;14451;CIA ENERGETICA DE BRASILIA
0;1.765.919;2017;14460;CYRELA BRAZIL REALTY S.A.EMPREEND E PART
0;54.468999999999994;2017;14664;SCHULZ
0;247.742.270;2017;14761;CIA HERING
0;1.077.508;2017;14826;CIA BRASILEIRA DE DISTRIBUICAO
0;247.742.270;2017;15091;LITEL
0;363;2017;1520;BARDELLA
0;413.228;2017;15253;ENERGISA S.A
0;247.742.270;2017;15423;ATOM EMPREENDIMENTOS E PARTICIPAES S.A
0;247.742.270;2017;15458;BATTISTELLA
0;247.742.270;2017;15539;NEOENERGIA S.A
0;247.742.270;2017;1562;BAUMER
0;247.742.270;2017;16101;GAFISA S.A
0;2.861.538;2017;16292;BRF S.A
0;177.905;2017;16306;ROSSI RESID
0;56;2017;16497;ENCORPAR
0;247.742.270;2017;16632;GPC PART
0;247.742.270;2017;16659;PORTO SEGURO S.A
0;534;2017;1694;BICICLETAS MONARK S.A
0;1.256;2017;16993;EMAE
0;1.221.728;2017;17329;ENGIE BRASIL
0;2.868.735;2017;17450;RUMO S.A
0;247.742.270;2017;17558;INNCORP S.A
0;1.986.573;2017;17639;TIM PARTICIPACOES S.A
0;2.210.945;2017;17671;TELEF
0;340.439;2017;17892;SANTOS BRASIL PARTICIPACOES S.A
0;247.742.270;2017;17914;MMX MINER
0;4.706.496;2017;17973;KROTON EDUCACIONAL S.A
0;247.742.270;2017;18287;CIBRASEC
0;247.742.270;2017;18368;RIO PARANAPANEMA ENERGIA S.A
0;527.345;2017;18376;CTEEP - CIA TRANSMISS
0;16.373;2017;18414;IDEIASNET
0;1.576.044;2017;18465;ULTRAPAR
0;808.01;2017;18660;CPFL ENERGIA S.A
0;247.742.270;2017;18708;CIA PARTICIPACOES ALIANCA DA BAHIA
0;1.945.360;2017;18724;BRADESPAR
0;247.742.270;2017;18775;INVEPAR
0;4.336.241;2017;18821;CCR S.A
0;247.742.270;2017;18953;CPFL GERACAO
0;1.324.098;2017;18970;AES TIETE E
0;247.742.270;2017;19062;ANDRADE GUTIERREZ PARTICIPACOES S.A
0;247.742.270;2017;19100;LIQ PARTICIPA
0;2.8739999999999997;2017;19305;BIOMM
0;247.742.270;2017;19330;TPI - TRIUNFO PARTICIP. E INVEST. S.A
0;6.467.888;2017;19348;ITAU UNIBANCO HOLDING S.A
0;247.742.270;2017;19437;ANDRADE GUTIERREZ CONCESSOES S.A
0;742.87;2017;19445;COPASA
0;2.382.209;2017;19453;ECORODOVIAS INFRAESTRUTURA E LOGSTICA S.A
0;1.489.802;2017;19550;NATURA
0;247.742.270;2017;19569;GOL LINHAS AEREAS INTELIGENTES S.A
0;247.742.270;2017;19615;GRENDENE
0;719;2017;19623;DASA
0;247.742.270;2017;19658;POMIFRUTAS
0;1.832.078;2017;19739;LOCALIZA
0;1.785.905;2017;19763;EDP - ENERGIAS DO BRASIL S.A
0;1.450.949;2017;19836;COSAN S.A
0;1.103.560;2017;19879;LIGHT S.A
0;3.384.436;2017;19909;BR MALLS PARTICIPACOES S.A
0;247.742.270;2017;19925;BR PROPERTIES S.A
0;247.742.270;2017;19992;TOTVS
0;1.262.479;2017;20010;EQUATORIAL
0;577.914;2017;20028;VALID SOLUCOES S.A
0;247.742.270;2017;20060;LUPATECH
0;2.098.290;2017;20087;EMBRAER
0;247.742.270;2017;20125;ODONTOPREV
0;13.136;2017;20184;CCX CARV
0;1.711.690;2017;20257;TRANSMISSORA ALIAN
0;247.742.270;2017;20320;CEMIG GERACAO E TRANSMISSAO S.A
0;600.3530000000001;2017;20338;M.DIAS BRANCO S.A. IND COM DE ALIMENTOS
0;247.742.270;2017;20346;PROFARMA
0;14.444;2017;20354;TERRA SANTA AGRO S.A
0;163.696;2017;20362;POSITIVO TEC
0;129.358;2017;20370;LPS BRASIL - CONSULTORIA DE IMOVEIS S.A
0;425.994;2017;20435;TECNISA
0;2.755;2017;20451;RNI NEG
0;375.73;2017;20478;PDG REALT
0;247.742.270;2017;20494;IGUATEMI
0;636.141;2017;20524;EVEN CONSTRUTORA E INCORPORADORA S.A
0;1.899.701;2017;20532;BCO SANTANDER (BRASIL) S.A
0;4.58;2017;20540;CPFL ENERGIAS RENOV
0;9.251;2017;20567;PINE
0;247.742.270;2017;20575;JBS
0;222.137;2017;20605;JHSF PART
0;247.742.270;2017;20613;METALFRIO
0;4.51;2017;20630;CR2
0;27.517;2017;20702;VIVER
0;247.742.270;2017;20710;LOG-IN
0;247.742.270;2017;20745;SLC AGRICOLA
0;247.742.270;2017;20770;EZ TEC EMPREEND. E PARTICIPACOES S.A
0;247.742.270;2017;20788;MARFRIG
0;274.655;2017;20800;TEGMA
0;247.742.270;2017;20877;HELBOR
0;6.104;2017;20885;INDUSVAL
0;247.742.270;2017;20915;MRV
0;247.742.270;2017;20931;MINERVA
0;497.35400000000004;2017;20958;ABC BRASIL
0;72.485;2017;20966;SPRINGS
0;247.742.270;2017;20982;MULTIPLAN
0;1.040.331;2017;20990;B2W - COMPANHIA DIGITAL
0;2.266;2017;21008;GENERAL SHOPPING E OUTLETS DO BRASIL S.A
0;623;2017;2100;CAMBUCI
0;2.559.657;2017;21016;ESTACIO PART
0;247.742.270;2017;21032;ALGAR TELECOM S
0;247.742.270;2017;21040;CYRELA COMMERCIAL PROPERT S.A. EMPR PART
0;1.339.765;2017;21091;DURATEX S.A
0;247.742.270;2017;21121;SUL AMERICA S.A
0;13.479000000000001;2017;21130;TRISUL
0;254.025;2017;21148;TENDA
0;247.742.270;2017;21156;J. MACEDO S.A
0;247.742.270;2017;21180;BRASIL BROKERS PARTICIPACOES S.A
0;247.742.270;2017;21199;BCO PAN S.A
0;100.811;2017;21237;ENEVA S.A
0;247.742.270;2017;21300;ALIANSCE
0;195;2017;21334;NUTRIPLANT
0;247.742.270;2017;21342;OSX BRASIL
0;677.9060000000001;2017;21350;DIRECIONAL
0;247.742.270;2017;21393;CELGPAR
0;2.512.786;2017;21431;HYPERA
0;9.577;2017;21440;RESTOQUE COM
0;588.4;2017;21490;ALUPAR
0;247.742.270;2017;21555;UNIDAS S.A
0;5.246.427;2017;21610;B3 S.A. - BRASIL
0;247.742.270;2017;21636;RENOVA ENERGIA S.A
0;12.059000000000001;2017;21717;TARPON INV
0;12.729000000000001;2017;21725;ADVANCED DIGITAL HEALTH MEDICINA PREVENTIVA S.A
0;4.010.195;2017;21733;CIELO
0;247.742.270;2017;21881;FLEURY
0;247.742.270;2017;21903;ECORODOVIAS CONCES
0;61.732;2017;22020;JSL
0;272.893;2017;22055;MARISA LOJAS S.A
0;55.31100000000001;2017;22187;PETRO RIO S.A
0;247.742.270;2017;22217;ALPER CONSULTORIA E CORRETORA DE SEGUROS S.A
0;247.742.270;2017;22349;AREZZO IND
0;50.457;2017;22357;SONAE SIERRA BRASIL S.A
0;247.742.270;2017;22365;ENAUTA PART
0;87.993;2017;22454;T4F ENTRETENIMENTO S.A
0;1.008.439;2017;22470;MAGAZINE LUIZA S.A
0;2.229.263;2017;22497;QUALICORP
0;247.742.270;2017;22500;BRASIL PHARMA S.A
0;39.463;2017;22519;TECHNOS S.A
0;14.442;2017;22551;SOMOS EDUCA
0;247.742.270;2017;22594;STATKRAFT
0;247.742.270;2017;22616;BCO BTG PACTUAL S.A
0;21.454;2017;22691;CIA LOCA
0;58.503;2017;22780;UNICASA
0;247.742.270;2017;22799;SINQIA
0;247.742.270;2017;22942;MGI - MINAS GERAIS PARTICIPA
0;247.742.270;2017;23035;LINX
0;2.790.937;2017;23159;BB SEGURIDADE PARTICIPA
0;247.742.270;2017;23175;IGUA SANEAMENTO S.A
0;247.742.270;2017;23221;SER EDUCA
0;247.742.270;2017;23248;ANIMA HOLDING S.A
0;5.654.571;2017;23264;AMBEV S.A
0;247.742.270;2017;23280;OURO VERDE
0;247.742.270;2017;23302;QUALITY SOFT
0;947.9060000000001;2017;23310;CVC BRASIL
0;80.308;2017;23426;OMEGA GER
0;247.742.270;2017;23434;LIBRA TERMINAL RIO S.A
0;170.956;2017;23485;COSAN LOG
0;175.833;2017;23493;DOMMO ENERGIA S.A
0;4.048;2017;23507;OURO FINO SAUDE ANIMAL PARTICIPACOES S.A
0;376.895;2017;23574;INTERNATIONAL MEAL COMPANY ALIMENTACAO S.A
0;713.034;2017;23590;WIZ SOLU
0;247.742.270;2017;23710;BR HOME
0;247.742.270;2017;23817;BRQ
0;247.742.270;2017;23825;MOVIDA
0;247.742.270;2017;23965;CINESYSTEM
0;171.935;2017;24058;CENTRO DE IMAGEM DIAGNOSTICOS S.A
0;288.612;2017;24090;INSTITUTO HERMES PARDINI S.A
0;357.959;2017;24112;AZUL
0;739.6030000000001;2017;24171;ATACADAO
0;254.05700000000002;2017;24180;IRB - BRASIL RESSEGUROS S.A
0;247.742.270;2017;24201;STARA
0;247.742.270;2017;24236;PRINER
0;247.742.270;2017;24252;SMILES FIDELIDADE S.A
0;1.265;2017;2429;CELULOSE IRANI S.A
0;37.223;2017;24317;BK BRASIL
0;3.314.963;2017;2437;ELETROBRAS
0;247.742.270;2017;2453;CIA ENERGETICA DE MINAS GERAIS - CEMIG
0;8.047;2017;2461;CENTRAIS ELET DE SANTA CATARINA S.A
0;156.037;2017;3069;FERBASA
0;247.742.270;2017;3077;CEDRO
0;247.742.270;2017;3115;CIA SEGUROS ALIANCA DA BAHIA
0;2.349;2017;3158;COTEMINAS
0;4.922;2017;3190;REDE ENERGIA
0;269;2017;3204;CEEE-GT
0;247.742.270;2017;3298;HABITASUL
0;247.742.270;2017;3395;CIA INDUSTRIAL CATAGUASES
0;247.742.270;2017;3654;CIA MELHORAMENTOS DE SAO PAULO
0;247.742.270;2017;3980;GERDAU S.A
0;3.119.224;2017;4030;CIA SIDERURGICA NACIONAL
0;247.742.270;2017;4081;SANTANENSE
0;247.742.270;2017;4146;KARSTEN
0;19.235.761;2017;4170;VALE S.A
0;14.081;2017;4537;GRAZZIOTIN
0;86.145;2017;4669;GUARARAPES CONFECCOES S.A
0;384;2017;4707;CONSORCIO ALFA DE ADMINISTRACAO S.A
0;247.742.270;2017;4723;CONSTRUTORA ADOLPHO LINDENBERG S.A
0;247.742.270;2017;4820;BRASKEM
0;247.742.270;2017;4863;CORREA RIBEIRO S.A. COMERCIO E INDUSTRIA
0;247.742.270;2017;5207;DOHLER
0;1.555.576;2017;5258;RAIA DROGASIL S.A
0;1.462;2017;5312;MUNDIAL S.A. - PRODUTOS DE CONSUMO
0;247.742.270;2017;5410;WEG S.A
0;97.711;2017;5762;ETERNIT
0;15.049000000000001;2017;5770;EUCATEX
0;26.182;2017;6173;TAURUS ARMAS S.A
0;30.605999999999998;2017;6211;FRAS-LE S.A
0;466.917;2017;6343;TUPY
0;247.742.270;2017;6505;VIA VAREJO S.A
0;1.5219999999999998;2017;6700;HOTEIS OTHON
0;7.039;2017;6815;IGB ELETR
0;960;2017;701;BAHEMA S.A
0;47.906000000000006;2017;7510;INDUSTRIAS ROMI S.A
0;247.742.270;2017;7544;TEXTIL RENAUXVIEW S.A
0;6.97;2017;7595;INEPAR S.A. INDUSTRIA E CONSTRUCOES
0;6.151.212;2017;7617;ITAUSA
0;247.742.270;2017;7811;JOAO FORTES
0;32.693000000000005;2017;7870;KEPLER WEBER
0;7.994;2017;80020;GP INVEST
0;5.0489999999999995;2017;80047;WILSON SONS
0;5;2017;80063;PATAGONIA
0;133.48;2017;80179;BIOTOSCANA
0;4.227.346;2017;8087;LOJAS AMERIC
0;2.629.747;2017;8133;LOJAS RENNER
0;11;2017;8192;TREVISA
0;247.742.270;2017;8397;MANGELS INDUSTRIAL S.A
0;6.428;2017;8427;ESTRELA
0;247.742.270;2017;8451;MARCOPOLO S.A
0;254.155;2017;8575;METAL LEVE
0;3.203.175;2017;8656;METALURGICA GERDAU S.A
0;247.742.270;2017;8672;JEREISSATI PARTICIPACOES S.A
0;4.954;2017;8753;METISA
0;250;2017;8893;MONTEIRO ARANHA S.A
0;247.742.270;2017;9040;NADIR FIGUEI
0;247.742.270;2017;9067;SUZANO HOLD
0;7.155.421;2017;906;BCO BRADESCO S.A
0;1.7;2017;9342;DIMED
0;181.62400000000002;2017;9393;PARANAPANEMA S.A
0;247.742.270;2017;94;PANATLANTICA
0;17.927.932;2017;9512;PETROLEO BRASILEIRO S.A. PETROBRAS
0;7.129;2017;9989;REFINARIA DE PETROLEOS MANGUINHOS S.A
0;6.893.313;2018;1023;BCO BRASIL S.A
0;487.045;2018;10456;ALPARGATAS
0;23.994.839;2018;10472;SARAIVA LIVR
0;212;2018;10880;SONDOTECNICA
0;23.994.839;2018;11070;WLM PART. E
0;12.297;2018;11207;TECNOSOLO
0;23.994.839;2018;11223;TEKA
0;23.994.839;2018;11231;TEKNO
0;23.994.839;2018;11312;OI S.A
0;10.505;2018;1155;BANESTES S.A. - BCO EST ESPIRITO SANTO
0;239.56599999999997;2018;11592;UNIPAR
0;23.994.839;2018;11762;VULCABRAS
0;919.393;2018;11932;IOCHPE MAXION S.A
0;23.994.839;2018;11991;WETZEL S.A
0;1.253.860;2018;1210;BCO ESTADO DO RIO GRANDE DO SUL S.A
0;13.455;2018;12190;BOMBRIL S.A
0;23.994.839;2018;12530;ITAUTEC
0;23.994.839;2018;12572;RECRUSUL
0;2.717.215;2018;12653;KLABIN S.A
0;23.994.839;2018;12696;SANSUY S.A. INDUSTRIA DE PLASTICOS
0;23.994.839;2018;12823;ALIPERTI
0;5.835;2018;1325;BCO MERCANTIL DO BRASIL S.A
0;23.994.839;2018;13285;JOSAPAR
0;3.154;2018;13366;HAGA S.A. INDUSTRIA E COMERCIO
0;23.994.839;2018;13471;PLASCAR PARTICIPACOES INDUSTRIAIS S.A
0;3.115;2018;13765;MINUPAR
0;252.27900000000002;2018;13773;PBG
0;10.182;2018;13781;SAO CARLOS
0;2.605;2018;1384;BCO ALFA DE INVESTIMENTO S.A
0;4.198.629;2018;13986;SUZANO S.A
0;1.267.479;2018;14109;RANDON S.A. IMPLEMENTOS E PARTICIPACOES
0;23.994.839;2018;14133;TEC TOY S.A
0;1.129.409;2018;14311;COPEL
0;3.993.642;2018;14320;USIMINAS
0;2.8710000000000004;2018;14346;WHIRLPOOL
0;23.994.839;2018;14451;CIA ENERGETICA DE BRASILIA
0;2.385.470;2018;14460;CYRELA BRAZIL REALTY S.A.EMPREEND E PART
0;32.226;2018;14664;SCHULZ
0;1.085.016;2018;14761;CIA HERING
0;1.703.272;2018;14826;CIA BRASILEIRA DE DISTRIBUICAO
0;23.994.839;2018;15091;LITEL
0;439;2018;1520;BARDELLA
0;23.994.839;2018;15253;ENERGISA S.A
0;21.666;2018;15423;ATOM EMPREENDIMENTOS E PARTICIPAES S.A
0;23.994.839;2018;15458;BATTISTELLA
0;23.994.839;2018;15539;NEOENERGIA S.A
0;23.994.839;2018;1562;BAUMER
0;23.994.839;2018;16101;GAFISA S.A
0;4.407.420;2018;16292;BRF S.A
0;69.916;2018;16306;ROSSI RESID
0;23.994.839;2018;16497;ENCORPAR
0;2.38;2018;16632;GPC PART
0;23.994.839;2018;16659;PORTO SEGURO S.A
0;2.0340000000000003;2018;16993;EMAE
0;1.297.172;2018;17329;ENGIE BRASIL
0;3.952.813;2018;17450;RUMO S.A
0;2.630.465;2018;17639;TIM PARTICIPACOES S.A
0;2.459.670;2018;17671;TELEF
0;511.81300000000005;2018;17892;SANTOS BRASIL PARTICIPACOES S.A
0;23.994.839;2018;17914;MMX MINER
0;5.063.245;2018;17973;KROTON EDUCACIONAL S.A
0;23.994.839;2018;18287;CIBRASEC
0;1.6580000000000001;2018;18368;RIO PARANAPANEMA ENERGIA S.A
0;23.994.839;2018;18376;CTEEP - CIA TRANSMISS
0;10.795;2018;18414;IDEIASNET
0;2.353.553;2018;18465;ULTRAPAR
0;23.994.839;2018;18660;CPFL ENERGIA S.A
0;23.994.839;2018;18708;CIA PARTICIPACOES ALIANCA DA BAHIA
0;1.967.860;2018;18724;BRADESPAR
0;23.994.839;2018;18775;INVEPAR
0;5.243.063;2018;18821;CCR S.A
0;23.994.839;2018;18953;CPFL GERACAO
0;925.198;2018;18970;AES TIETE E
0;23.994.839;2018;19062;ANDRADE GUTIERREZ PARTICIPACOES S.A
0;64.336;2018;19100;LIQ PARTICIPA
0;23.994.839;2018;19305;BIOMM
0;8.100.316;2018;19348;ITAU UNIBANCO HOLDING S.A
0;698.1410000000001;2018;19445;COPASA
0;2.424.008;2018;19453;ECORODOVIAS INFRAESTRUTURA E LOGSTICA S.A
0;1.825.265;2018;19550;NATURA
0;2.149.271;2018;19569;GOL LINHAS AEREAS INTELIGENTES S.A
0;23.994.839;2018;19615;GRENDENE
0;441;2018;19623;DASA
0;6.607;2018;19658;POMIFRUTAS
0;3.887.179;2018;19739;LOCALIZA
0;2.400.723;2018;19763;EDP - ENERGIAS DO BRASIL S.A
0;1.884.240;2018;19836;COSAN S.A
0;1.053.313;2018;19879;LIGHT S.A
0;3.645.700;2018;19909;BR MALLS PARTICIPACOES S.A
0;23.994.839;2018;19925;BR PROPERTIES S.A
0;23.994.839;2018;19992;TOTVS
0;1.360.295;2018;20010;EQUATORIAL
0;632.5319999999999;2018;20028;VALID SOLUCOES S.A
0;23.994.839;2018;20060;LUPATECH
0;2.728.718;2018;20087;EMBRAER
0;1.285.677;2018;20125;ODONTOPREV
0;42.51;2018;20184;CCX CARV
0;1.926.362;2018;20257;TRANSMISSORA ALIAN
0;23.994.839;2018;20320;CEMIG GERACAO E TRANSMISSAO S.A
0;770.06;2018;20338;M.DIAS BRANCO S.A. IND COM DE ALIMENTOS
0;23.994.839;2018;20346;PROFARMA
0;12.222999999999999;2018;20354;TERRA SANTA AGRO S.A
0;121.764;2018;20362;POSITIVO TEC
0;158.993;2018;20370;LPS BRASIL - CONSULTORIA DE IMOVEIS S.A
0;262.15;2018;20435;TECNISA
0;5.733;2018;20451;RNI NEG
0;260.888;2018;20478;PDG REALT
0;1.551.978;2018;20494;IGUATEMI
0;590.354;2018;20524;EVEN CONSTRUTORA E INCORPORADORA S.A
0;2.170.435;2018;20532;BCO SANTANDER (BRASIL) S.A
0;23.994.839;2018;20540;CPFL ENERGIAS RENOV
0;9.065;2018;20567;PINE
0;4.177.031;2018;20575;JBS
0;168.16099999999997;2018;20605;JHSF PART
0;657;2018;20613;METALFRIO
0;3.9530000000000003;2018;20630;CR2
0;23.994.839;2018;20702;VIVER
0;96.381;2018;20710;LOG-IN
0;23.994.839;2018;20745;SLC AGRICOLA
0;692.447;2018;20770;EZ TEC EMPREEND. E PARTICIPACOES S.A
0;1.866.227;2018;20788;MARFRIG
0;428.155;2018;20800;TEGMA
0;304.49;2018;20877;HELBOR
0;20.965999999999998;2018;20885;INDUSVAL
0;2.449.347;2018;20915;MRV
0;23.994.839;2018;20931;MINERVA
0;529.643;2018;20958;ABC BRASIL
0;32.506;2018;20966;SPRINGS
0;1.963.047;2018;20982;MULTIPLAN
0;23.994.839;2018;20990;B2W - COMPANHIA DIGITAL
0;5.4270000000000005;2018;21008;GENERAL SHOPPING E OUTLETS DO BRASIL S.A
0;23.994.839;2018;2100;CAMBUCI
0;3.569.981;2018;21016;ESTACIO PART
0;23.994.839;2018;21032;ALGAR TELECOM S
0;3.218;2018;21040;CYRELA COMMERCIAL PROPERT S.A. EMPR PART
0;23.994.839;2018;21091;DURATEX S.A
0;23.994.839;2018;21121;SUL AMERICA S.A
0;76.956;2018;21130;TRISUL
0;516.476;2018;21148;TENDA
0;23.994.839;2018;21156;J. MACEDO S.A
0;23.994.839;2018;21180;BRASIL BROKERS PARTICIPACOES S.A
0;23.994.839;2018;21199;BCO PAN S.A
0;290.726;2018;21237;ENEVA S.A
0;23.994.839;2018;21300;ALIANSCE
0;23.994.839;2018;21334;NUTRIPLANT
0;23.994.839;2018;21342;OSX BRASIL
0;649.1080000000001;2018;21350;DIRECIONAL
0;23.994.839;2018;21393;CELGPAR
0;2.082.467;2018;21431;HYPERA
0;5.226;2018;21440;RESTOQUE COM
0;23.994.839;2018;21490;ALUPAR
0;23.994.839;2018;21555;UNIDAS S.A
0;6.102.421;2018;21610;B3 S.A. - BRASIL
0;114.46;2018;21636;RENOVA ENERGIA S.A
0;23.994.839;2018;21717;TARPON INV
0;3.6289999999999996;2018;21725;ADVANCED DIGITAL HEALTH MEDICINA PREVENTIVA S.A
0;4.669.018;2018;21733;CIELO
0;2.117.616;2018;21881;FLEURY
0;23.994.839;2018;21903;ECORODOVIAS CONCES
0;105.459;2018;22020;JSL
0;435.106;2018;22055;MARISA LOJAS S.A
0;146.121;2018;22187;PETRO RIO S.A
0;24.065;2018;22217;ALPER CONSULTORIA E CORRETORA DE SEGUROS S.A
0;23.994.839;2018;22349;AREZZO IND
0;28.815;2018;22357;SONAE SIERRA BRASIL S.A
0;23.994.839;2018;22365;ENAUTA PART
0;151.202;2018;22454;T4F ENTRETENIMENTO S.A
0;1.775.994;2018;22470;MAGAZINE LUIZA S.A
0;2.813.855;2018;22497;QUALICORP
0;41.483999999999995;2018;22500;BRASIL PHARMA S.A
0;46.676;2018;22519;TECHNOS S.A
0;10.685;2018;22551;SOMOS EDUCA
0;23.994.839;2018;22594;STATKRAFT
0;292.92900000000003;2018;22616;BCO BTG PACTUAL S.A
0;188.14700000000002;2018;22691;CIA LOCA
0;22.776;2018;22780;UNICASA
0;23.994.839;2018;22799;SINQIA
0;23.994.839;2018;22942;MGI - MINAS GERAIS PARTICIPA
0;23.994.839;2018;23035;LINX
0;3.201.783;2018;23159;BB SEGURIDADE PARTICIPA
0;23.994.839;2018;23175;IGUA SANEAMENTO S.A
0;784.102;2018;23221;SER EDUCA
0;324.014;2018;23248;ANIMA HOLDING S.A
0;6.827.466;2018;23264;AMBEV S.A
0;14.995;2018;23272;LOG COMMERCIAL PROPERTIES
0;23.994.839;2018;23302;QUALITY SOFT
0;1.415.720;2018;23310;CVC BRASIL
0;258.584;2018;23426;OMEGA GER
0;264.525;2018;23485;COSAN LOG
0;438.588;2018;23493;DOMMO ENERGIA S.A
0;18.112000000000002;2018;23507;OURO FINO SAUDE ANIMAL PARTICIPACOES S.A
0;23.994.839;2018;23574;INTERNATIONAL MEAL COMPANY ALIMENTACAO S.A
0;23.994.839;2018;23590;WIZ SOLU
0;23.994.839;2018;23612;MAESTRO LOCADORA DE VEICULOS S.A
0;23.994.839;2018;23710;BR HOME
0;23.994.839;2018;23817;BRQ
0;23.994.839;2018;23825;MOVIDA
0;23.994.839;2018;23965;CINESYSTEM
0;162.487;2018;24058;CENTRO DE IMAGEM DIAGNOSTICOS S.A
0;354.81199999999995;2018;24090;INSTITUTO HERMES PARDINI S.A
0;1.483.590;2018;24112;AZUL
0;1.573.129;2018;24171;ATACADAO
0;23.994.839;2018;24180;IRB - BRASIL RESSEGUROS S.A
0;23.994.839;2018;24201;STARA
0;23.994.839;2018;24236;PRINER
0;1.247.951;2018;24252;SMILES FIDELIDADE S.A
0;23.994.839;2018;24260;SMARTFIT ESCOLA DE GIN
0;23.994.839;2018;24279;INTER CONSTRUTORA E INCORPORADORA S.A
0;2.6510000000000002;2018;2429;CELULOSE IRANI S.A
0;441.59;2018;24317;BK BRASIL
0;23.994.839;2018;24350;FLEX GESTA
0;4.921.360;2018;2437;ELETROBRAS
0;484.204;2018;24384;INTERMEDICA
0;23.994.839;2018;24392;HAPVIDA
0;292.973;2018;24406;BANCO INTER
0;5.332.149;2018;2453;CIA ENERGETICA DE MINAS GERAIS - CEMIG
0;23.994.839;2018;24546;PRATICA KLIMAQUIP INDUSTRIA E COMERCIO SA
0;23.994.839;2018;2461;CENTRAIS ELET DE SANTA CATARINA S.A
0;243.945;2018;3069;FERBASA
0;23.994.839;2018;3077;CEDRO
0;23.994.839;2018;3115;CIA SEGUROS ALIANCA DA BAHIA
0;15.71;2018;3158;COTEMINAS
0;3.75;2018;3190;REDE ENERGIA
0;274;2018;3204;CEEE-GT
0;23.994.839;2018;3298;HABITASUL
0;23.994.839;2018;3395;CIA INDUSTRIAL CATAGUASES
0;23.994.839;2018;3654;CIA MELHORAMENTOS DE SAO PAULO
0;5.169.211;2018;3980;GERDAU S.A
0;3.089.118;2018;4030;CIA SIDERURGICA NACIONAL
0;23.994.839;2018;4081;SANTANENSE
0;3.86;2018;4146;KARSTEN
0;14.392.443;2018;4170;VALE S.A
0;16.967;2018;4537;GRAZZIOTIN
0;119.29;2018;4669;GUARARAPES CONFECCOES S.A
0;406;2018;4707;CONSORCIO ALFA DE ADMINISTRACAO S.A
0;23.994.839;2018;4723;CONSTRUTORA ADOLPHO LINDENBERG S.A
0;2.044.293;2018;4820;BRASKEM
0;23.994.839;2018;4863;CORREA RIBEIRO S.A. COMERCIO E INDUSTRIA
0;23.994.839;2018;5207;DOHLER
0;1.596.788;2018;5258;RAIA DROGASIL S.A
0;1.131;2018;5312;MUNDIAL S.A. - PRODUTOS DE CONSUMO
0;2.521;2018;5380;ACO ALTONA
0;2.549.432;2018;5410;WEG S.A
0;23.994.839;2018;5762;ETERNIT
0;19.533;2018;5770;EUCATEX
0;405.2;2018;6173;TAURUS ARMAS S.A
0;44.996;2018;6211;FRAS-LE S.A
0;598.401;2018;6343;TUPY
0;2.972.169;2018;6505;VIA VAREJO S.A
0;23.994.839;2018;6700;HOTEIS OTHON
0;23.994.839;2018;6815;IGB ELETR
0;23.994.839;2018;701;BAHEMA S.A
0;88.90100000000001;2018;7510;INDUSTRIAS ROMI S.A
0;1.093;2018;7544;TEXTIL RENAUXVIEW S.A
0;6.973.494;2018;7617;ITAUSA
0;23.994.839;2018;7870;KEPLER WEBER
0;23.994.839;2018;80020;GP INVEST
0;6.489;2018;80047;WILSON SONS
0;2;2018;80063;PATAGONIA
0;236.18599999999998;2018;80179;BIOTOSCANA
0;4.313.159;2018;8087;LOJAS AMERIC
0;3.252.703;2018;8133;LOJAS RENNER
0;10;2018;8192;TREVISA
0;3.0380000000000003;2018;8397;MANGELS INDUSTRIAL S.A
0;840;2018;8427;ESTRELA
0;23.994.839;2018;8451;MARCOPOLO S.A
0;374.19;2018;8575;METAL LEVE
0;3.678.959;2018;8656;METALURGICA GERDAU S.A
0;6.332000000000001;2018;8672;JEREISSATI PARTICIPACOES S.A
0;6.291;2018;8753;METISA
0;23.994.839;2018;8893;MONTEIRO ARANHA S.A
0;23.994.839;2018;9040;NADIR FIGUEI
0;23.994.839;2018;9067;SUZANO HOLD
0;9.465.294;2018;906;BCO BRADESCO S.A
0;1.156;2018;9342;DIMED
0;23.994.839;2018;9393;PARANAPANEMA S.A
0;171;2018;94;PANATLANTICA
0;34.317.483;2018;9512;PETROLEO BRASILEIRO S.A. PETROBRAS
